cycle,coherence,epsilon,epsilon_gw,phi_reconstructed,phi_pred,eps_pred,dphi,deps,entropy_flux,closure_energy,phase_shift,harmonic_ratio,resonance_intensity,harmonic_energy
1,0.99146569,1082.58365205,0.108258365,0.6815886036902361,,,,,,1073.344547562473,,,,
2,0.98850668,1085.24775626,0.108524776,0.6813563980700283,,,-0.002959009999999984,2.664104210000005,0.0011106960410115,1072.774656518022,-0.0011106955846936991,0.9999987663558255,0.9988899210093434,1072.7733330958165
3,0.98338259,1089.90412339,0.108990412,0.6811330905507567,,,-0.005124090000000026,4.656367130000035,0.0011004480222115,1071.7927397109377,-0.001100447578239246,0.9999987890156163,0.9989001576921538,1071.7914417866673
4,0.98026148,1092.7673484,0.109276735,0.6805323325817831,,,-0.003121109999999927,2.863225009999951,0.0010900680135194,1071.1977382382595,-0.0010900675821433272,0.999998811753137,0.998910526325704,1071.1964653909074
5,0.98004366,1093.02022273,0.109302022,0.6800847463132451,,,-0.0002178200000000352,0.25287432999994053,0.0008613764755746,1071.2075395383242,-0.0008613762659427816,0.9999992580311121,0.9991389946120969,1071.2067447356574
6,0.9712802,1101.1749224,0.110117492,0.6796917760165062,,,-0.008763459999999945,8.154699670000127,0.0010746514713674,1069.5493988636565,-0.001074651057803199,0.9999988451255485,0.9989259261728525,1069.5481636683812
7,0.96372688,1108.33788558,0.110833789,0.6793886582468629,,,-0.0075533200000000855,7.162963179999906,0.0010544965552853,1068.1350124558105,-0.0010544961645790982,0.9999988880382511,0.9989460596211264,1068.133824730534
8,0.95500467,1116.76813848,0.111676814,0.6790000326368881,,,-0.008722209999999953,8.430252900000141,0.0010346320688629,1066.5187875556069,-0.0010346316998073217,0.9999989295376277,0.9989659033470284,1066.5176458873755
9,0.94742261,1124.23817586,0.112423818,0.678053268280405,,,-0.007582059999999946,7.470037379999894,0.0010149962594946,1065.1286668349203,-0.001014995911075115,0.9999989697836542,0.9989855190230412,1065.1275695219574
10,0.93637625,1135.36420339,0.11353642,0.6778123824993282,,,-0.011046360000000033,11.126027530000101,0.0009928395349752,1063.1280751545655,-0.000992839208840666,0.9999990142706292,0.9990076534929353,1063.127027197997
11,0.93140768,1140.46491241,0.114046491,0.6768362124171213,,,-0.004968570000000061,5.10070901999984,0.0009740939895893,1062.2377781892012,-0.0009740936816878366,0.9999990511417994,0.9990263805935539,1062.2367702761744
12,0.92736167,1144.66362135,0.114466362,0.6767024824664343,,,-0.004046009999999933,4.198708940000188,0.0009636319299227,1061.5171674833837,-0.0009636316318805607,0.9999990714143654,0.9990368325119805,1061.516181773791
13,0.92621258,1146.1393226,0.114613932,0.6761491084275948,,,-0.0011490900000000748,1.4757012499999291,0.0007786738672352,1061.5686590247983,-0.0007786737103844619,0.9999993936673752,0.9992216293773153,1061.568015361087
14,0.91984397,1152.85023298,0.115285023,0.6753405503356179,,,-0.006368609999999997,6.710910380000087,0.0009489934507292,1060.442335119748,-0.000948993165986593,0.9999990994122412,0.9990514569856198,1060.441380098362
15,0.91157398,1163.70539953,0.11637054,0.6749565329877296,,,-0.00826998999999995,10.855166549999922,0.0007618482831328,1060.8035625970522,-0.0007618481358075399,0.9999994195875302,0.9992384419967998,1060.8029468934365
16,0.90717137,1168.50097498,0.116850097,0.67477317430379,,,-0.0044026099999999735,4.7955754499998875,0.0009180566638946,1060.0306303189425,-0.0009180564061649061,0.9999991571726718,0.9990823648786866,1060.0297368961585
17,0.90702412,1168.66226834,0.116866227,0.6744516401462568,,,-0.00014725000000004318,0.16129336000017247,0.0009129328019885,1060.0048655182925,-0.0009129325540219577,0.9999991665543833,0.9990874840421178,1060.0039820618836
18,0.89685397,1179.9440555,0.117994406,0.6739216895681766,,,-0.010170149999999989,11.281787160000022,0.0009014662176181,1058.2375105530757,-0.0009014659735086274,0.9999991873593187,0.9990989402248749,1058.2366505862242
19,0.89325196,1184.8725286,0.118487253,0.6729279614901389,,,-0.0036020100000000443,4.928473099999792,0.0007308571896779,1058.3897085221058,-0.0007308570596966111,0.9999994658480533,0.9992694099512713,1058.3891431811826
20,0.89192133,1186.70236255,0.118670236,0.6726068101015374,,,-0.0013306299999999993,1.829833950000193,0.0007271862013887,1058.4451495197382,-0.0007271860736075642,0.9999994712005076,0.9992730782621077,1058.4445898144804
21,0.88466531,1195.02750999,0.119502751,0.6718779431370613,,,-0.007256019999999919,8.32514743999991,0.000871578557788,1057.1993825838315,-0.0008715783371949043,0.9999992403513945,0.9991288013768792,1057.198579483795
22,0.88340852,1196.48483468,0.119648483,0.671210428714885,,,-0.0012567900000000076,1.4573246899999504,0.0008623953246394,1056.9848970071034,-0.0008623951114361366,0.9999992562748563,0.9991379766443536,1056.984110900859
23,0.87927384,1201.31167175,0.120131167,0.6707268067637566,,,-0.004134680000000057,4.8268370700000105,0.0008566023545401,1056.281926656442,-0.0008566021452019776,0.9999992662329442,0.9991437646336803,1056.2811515915625
24,0.86679172,1216.19138451,0.121619138,0.6701244981077774,,,-0.01248211999999993,14.879712760000075,0.0008388683437973,1054.1846220286045,-0.0008388681470831976,0.9999992963003969,0.9991614836044364,1054.1838801993044
25,0.85599215,1229.45075494,0.122945075,0.6695682750494705,,,-0.010799570000000092,13.25937042999999,0.0008144858804722,1052.4001950402137,-0.0008144857004271837,0.9999993366131904,0.9991858459030161,1052.399496891806
26,0.84848466,1238.88653459,0.123888653,0.6688346686376103,,,-0.00750748999999995,9.435779650000086,0.0007956406653905,1051.1762200801743,-0.0007956404975830282,0.9999993669563321,0.9992046759403885,1051.1755546397244
27,0.84673534,1241.53133186,0.124153133,0.6679690752022589,,,-0.0017493200000000542,2.644797269999799,0.0006614193152652,1051.2484544031297,-0.0006614192190637611,0.9999995625246804,0.9993387994704102,1051.247994507876
28,0.84569939,1242.85370962,0.124285371,0.6668301198827286,,,-0.0010359499999998967,1.3223777600001085,0.0007833994419388,1051.0806240848713,-0.0007833992822701282,0.99999938628569,0.9992169074948327,1051.0799790216513
29,0.84486625,1243.91978296,0.124391978,0.6664126615949522,,,-0.00083314000000001,1.0660733400000026,0.0007815034556801,1050.9458423302292,-0.0007815032973128319,0.9999993892527206,0.9992188019968544,1050.9452004679151
30,0.83582196,1257.81283083,0.125781283,0.666394338791745,,,-0.009044290000000066,13.893047869999918,0.0006509939420045,1051.307585577479,-0.0006509938500891746,0.999999576207067,0.9993492180004336,1051.3071400407537
31,0.82682517,1269.75170364,0.12697517,0.6659830754865923,,,-0.008996789999999977,11.93887281000002,0.0007535711404606,1049.8626682199326,-0.0007535709978804749,0.9999994321308587,0.9992467128654358,1049.8620720353208
32,0.82027982,1278.61691703,0.127861692,0.6650914615899092,,,-0.006545350000000005,8.865213390000008,0.0007383183812185,1048.8236545503232,-0.0007383182471459583,0.9999994548862651,0.9992619542427056,1048.8230828221435
33,0.81641639,1283.922285,0.128392228,0.6643800029615632,,,-0.003863430000000001,5.305367970000134,0.0007282115059912,1048.2151969602512,-0.0007282113774070196,0.9999994697082836,0.9992720537041491,1048.2146411004153
34,0.80597449,1298.53814564,0.129853815,0.6633851750242173,,,-0.010441900000000004,14.615860639999937,0.0007144225206081,1046.5886196777446,-0.0007144223991100497,0.9999994896007226,0.9992858327398095,1046.5880854996694
35,0.80465255,1300.73515865,0.130073516,0.6623043943847307,,,-0.001321939999999966,2.197013009999864,0.000601698757987,1046.639862282377,-0.0006016986856476321,0.9999996379587354,0.9993984822987053,1046.6394833555576
36,0.79761466,1312.54551382,0.131254551,0.6616226506241121,,,-0.007037889999999991,11.810355170000093,0.0005959084124143,1046.9055437400646,-0.0005959083419277471,0.99999964489329,0.999404269176185,1046.905171976881
37,0.79212818,1320.57084815,0.132057085,0.6608917331669033,,,-0.005486480000000071,8.025334330000078,0.0006836450387876,1046.061382506116,-0.0006836449323676404,0.9999995326296793,0.9993165886995856,1046.060893608072
38,0.78861079,1326.62363213,0.132662363,0.6608317556033897,,,-0.0035173899999999536,6.052783979999958,0.0005811193677225,1046.1897105667088,-0.000581119302403969,0.9999996623003945,0.9994190495147153,1046.1893572688562
39,0.7833286,1334.54057659,0.133454058,0.6595039678502292,,,-0.005282189999999964,7.916944459999968,0.0006672005880577,1045.3838015034376,-0.0006672004891391611,0.9999995548435734,0.999333022039614,1045.38333614412
40,0.77570755,1347.99728348,0.134799728,0.6594711674431776,,,-0.007621050000000018,13.456706890000078,0.0005663384111529,1045.6516701749265,-0.000566338350646078,0.9999996792609069,0.9994338219886474,1045.6513347935581
41,0.76769806,1360.48596473,0.136048596,0.659371545963656,,,-0.008009490000000064,12.4886812499999,0.0006413399332582,1044.4424357804494,-0.0006413398453783239,0.9999995886832592,0.9993588657690617,1044.4420061837907
42,0.75713773,1377.38693047,0.137738693,0.6588261734541748,,,-0.010560330000000007,16.900965739999947,0.0006248358917373,1042.8716138677237,-0.0006248358104582134,0.9999996095802607,0.9993753593587851,1042.87120671006
43,0.74490559,1397.6074196,0.139760742,0.658069891158234,,,-0.012232139999999947,20.220489130000033,0.0006049378885324,1041.0855794855156,-0.0006049378147700455,0.999999634050285,0.9993952451232193,1041.0851985005445
44,0.74478438,1397.84044361,0.139784044,0.6569666714114932,,,-0.00012120999999998272,0.23302401000000827,0.0005201609889033,1041.0897281329987,-0.0005201609442226706,0.9999997294326165,0.9994799743160279,1041.089446448075
45,0.74290776,1401.45726841,0.140145727,0.6552706396258023,,,-0.0018766199999999955,3.6168248000001313,0.0005188584195399,1041.153480010192,-0.0005188583731221352,0.9999997307860128,0.9994812762106059,1041.1531997171123
46,0.74254103,1402.07806074,0.140207806,0.6545595830052046,,,-0.0003667299999999818,0.6207923299998583,0.0005907450554508,1041.100487362282,-0.0005907449876831274,0.9999996510204001,0.9994094294677826,1041.1001240394503
47,0.73287494,1418.6804872,0.141868049,0.653178673568133,,,-0.009666090000000072,16.60242646000006,0.0005822094753863,1039.7153769358708,-0.0005822094096380417,0.9999996610322416,0.9994179600413734,1039.7150245058801
48,0.73086312,1422.19504756,0.142219505,0.6518931775524027,,,-0.0020118199999999975,3.514560359999905,0.0005724243698656,1039.42990970825,-0.000572424307506455,0.9999996723304481,0.9994277394960309,1039.4295691187174
49,0.72992197,1423.84631741,0.142384632,0.6509772503933844,,,-0.0009411499999999462,1.6512698500000624,0.0005699552979968,1039.2967089811525,-0.0005699552366255411,0.9999996751510634,0.9994302071570065,1039.2963713667218
50,0.72521478,1432.17384039,0.143217384,0.6504966995472348,,,-0.004707190000000083,8.327522979999912,0.0005652569210244,1038.6336365801887,-0.0005652568608895452,0.9999996804847153,0.9994349028666727,1038.6333047208666
51,0.71899401,1444.85066014,0.144485066,0.6491001236610783,,,-0.006220769999999987,12.67681975000005,0.0004907200798141,1038.8389699852055,-0.0004907200404633594,0.9999997591938613,0.9995094003429233,1038.8387198264045
52,0.71611957,1450.77826544,0.145077827,0.649092853805138,,,-0.0028744399999999226,5.927605300000096,0.0004849243250921,1038.9307076122388,-0.0004849242871636857,0.9999997648484541,0.9995151932696157,1038.930463306077
53,0.70906782,1463.81952977,0.146381953,0.6485494692357088,,,-0.007051750000000023,13.041264329999876,0.0005407259465815,1037.947322847439,-0.0005407258939230443,0.9999997076155361,0.9994594202719768,1037.9470193677676
54,0.70387321,1473.60426711,0.147360427,0.6472019374409208,,,-0.005194609999999988,9.784737339999992,0.0005308890590484,1037.2305657604131,-0.0005308890092269203,0.9999997181568864,0.9994692518874085,1037.230273424121
55,0.69654305,1487.67567571,0.148767568,0.6462767717694797,,,-0.0073301599999999745,14.07140860000004,0.0005209258154495,1036.2301525698545,-0.0005209257683664734,0.9999997286363684,0.9994792098899046,1036.229871374677
56,0.68555908,1509.35964066,0.150935964,0.6441911170418857,,,-0.010983970000000065,21.683964950000018,0.0005065480425199,1034.75520664,-0.0005065479992180988,0.9999997434091463,0.9994935802745598,1034.7549411312782
57,0.68324524,1514.02182184,0.151402182,0.6431819732545832,,,-0.0023138400000000114,4.662181180000061,0.0004962998884362,1034.448203028308,-0.0004962998477942617,0.9999997536864814,0.9995038232886035,1034.4479482297313
58,0.68284976,1514.9169279,0.151491693,0.6413886259939121,,,-0.0003954800000000036,0.8951060599999892,0.0004418247370129,1034.4606606364523,-0.000441824708757135,0.9999998047909395,0.9995582728814064,1034.4604587003587
59,0.67386067,1535.53095025,0.153553095,0.6409294102870774,,,-0.008989089999999922,20.614022349999914,0.000436066763048,1034.7339149412016,-0.0004360667354291913,0.9999998098458142,0.9995640283278512,1034.7337181822165
60,0.66963547,1544.38743208,0.154438743,0.6407684312572304,,,-0.00422520000000004,8.85648183000012,0.0004770743146799,1034.176603942984,-0.0004770742785398256,0.99999977240015,0.9995230395032989,1034.1763685645442
61,0.6606047,1565.88588981,0.156588589,0.6395293207757348,,,-0.009030769999999966,21.498457729999927,0.0004200659467296,1034.4315784721682,-0.00042006592204156263,0.9999998235446315,0.9995800222932953,1034.4313959411627
62,0.65939737,1568.51266335,0.156851266,0.6384543045860214,,,-0.001207330000000062,2.626773539999931,0.0004596246997144,1034.2731250246852,-0.0004596246675234868,0.9999997887451799,0.9995404809437128,1034.2729065295023
63,0.65152315,1585.89639845,0.15858964,0.6369563277168032,,,-0.007874219999999932,17.383735100000195,0.0004529647946342,1033.2482170917992,-0.0004529647636809281,0.999999794822937,0.9995471378093698,1033.2480050929646
64,0.64021152,1611.65789333,0.161165789,0.6351800254108428,,,-0.011311630000000017,25.761494879999873,0.0004390905905209,1031.8019496087973,-0.0004390905623190039,0.9999998071994904,0.999561005823834,1031.8017506768556
65,0.6397295,1612.89264576,0.161289265,0.6350335249232136,,,-0.00048202000000008294,1.2347524300000714,0.0003903778505701,1031.815005825722,-0.00039037783105578996,0.9999998476051568,0.9996096983564554,1031.814848582436
66,0.62777279,1644.09979296,0.164409979,0.6328433297109988,,,-0.011956709999999982,31.20714720000001,0.0003831401160442,1032.1211140649216,-0.00038314009730863535,0.999999853203673,0.9996169332914854,1032.1209625533331
67,0.62315793,1655.34262398,0.165534262,0.6306630359812686,,,-0.004614859999999998,11.24283102000004,0.0004104713475974,1031.5398830001452,-0.0004104713245809437,0.9999998315133012,0.9995896129072479,1031.5397091993957
68,0.61770618,1668.85143295,0.166885143,0.6302678392136148,,,-0.0054517499999999774,13.50880896999979,0.0004035699973035,1030.8598436350703,-0.00040356997542373776,0.9999998371312837,0.9995965114479851,1030.8596757402509
69,0.61370679,1679.88134362,0.167988134,0.63019879681829,,,-0.003999390000000047,11.029910670000163,0.0003625949583177,1030.9545869739172,-0.0003625949424599099,0.9999998685249135,0.9996374707871416,1030.9544514290737
70,0.61351799,1680.40543711,0.168040544,0.6293024763670916,,,-0.00018879999999998898,0.5240934900000411,0.0003602410700421,1030.9589661607986,-0.0003602410551462636,0.9999998702263877,0.9996398238238717,1030.9588323695293
71,0.60754007,1695.725984,0.169572598,0.6275970963601558,,,-0.00597791999999997,15.320546889999832,0.0003901897264197,1030.2214830201788,-0.0003901897066433353,0.9999998477520005,0.9996098864074603,1030.221326171019
72,0.60653965,1698.3207981,0.16983208,0.6256254234647507,,,-0.0010004200000000019,2.5948141000001215,0.0003855459239312,1030.0989024672947,-0.0003855459049766208,0.9999998513543626,0.9996145284082951,1030.0987493475868
73,0.60576557,1700.33469458,0.170033469,0.6234800063982022,,,-0.0007740800000000103,2.0138964799998575,0.0003843693095961,1030.0042154530297,-0.0003843692908581225,0.9999998522602555,0.9996157045695542,1030.00406328047
74,0.59344444,1733.13026455,0.173313026,0.6207663275065473,,,-0.012321130000000013,32.79556997000009,0.0003756949493756,1028.5165192929264,-0.0003756949317110599,0.9999998588533249,0.9996243756327926,1028.5163741212393
75,0.59083612,1740.25624931,0.174025625,0.6206882977616096,,,-0.0026083199999999973,7.1259847599999375,0.0003660294103174,1028.206250148073,-0.0003660293940222525,0.9999998660224887,0.9996340375865639,1028.2061123915585
76,0.58885426,1746.19043413,0.174619043,0.6178803864432789,,,-0.001981860000000002,5.934184820000155,0.0003339734200705,1028.2516759086998,-0.0003339734077098663,0.9999998884617671,0.9996660823552007,1028.251561219325
77,0.58605761,1753.95866257,0.175395866,0.6175365634510223,,,-0.002796649999999956,7.7682284399998025,0.0003600112974587,1027.9208218245706,-0.00036001128195158657,0.9999998703918824,0.9996400535143339,1027.9206885976878
78,0.57984118,1771.50597147,0.177150597,0.6152087435939015,,,-0.0062164300000000505,17.54730890000019,0.0003542668585292,1027.192112874211,-0.0003542668437287064,0.9999998744950086,0.9996457959013598,1027.1919839564737
79,0.57145948,1795.79535333,0.179579535,0.614980505453192,,,-0.008381699999999936,24.28938185999982,0.0003450767108016,1026.224278800378,-0.00034507669711888566,0.9999998809220778,0.9996549828349967,1026.224156599723
80,0.55989788,1833.31737581,0.183331738,0.6130580033273743,,,-0.01156160000000006,37.52202248000003,0.0003081283799628,1026.4705120831825,-0.00030812837021950497,0.9999999050569104,0.9996919190964514,1026.4704146269007
81,0.55255211,1856.17996231,0.185617996,0.6102610881154353,,,-0.007345769999999918,22.862586500000134,0.0003213009166604,1025.6361547141112,-0.0003213009056180703,0.9999998967657315,0.9996787507059901,1025.636048833313
82,0.54951763,1866.53787627,0.186653788,0.6093248027033219,,,-0.0030344800000000616,10.357913959999905,0.0002929624643944,1025.6954700731235,-0.0002929624560413562,0.9999999141730019,0.9997070804532686,1025.6953820407603
83,0.54339158,1886.3184144,0.188631841,0.6072288323003578,,,-0.006126049999999994,19.780538129999968,0.0003097008766611,1025.0095435839107,-0.00030970086677519203,0.9999999040853763,0.9996903470855878,1025.0094452705061
84,0.53953508,1899.93527667,0.189993528,0.6057668631184477,,,-0.0038565000000000405,13.616862269999956,0.0002832150258443,1025.0817314929704,-0.00028321501829284035,0.9999999197892555,0.9997168250832946,1025.0816492704016
85,0.53654218,1909.91491227,0.190991491,0.6035555910924029,,,-0.002992899999999965,9.979635600000165,0.0002999007298122,1024.7499106438545,-0.0002999007208512034,0.9999999100595602,0.9997001442448747,1024.749818477397
86,0.53595654,1911.88119935,0.19118812,0.6024235471947857,,,-0.0005856399999999429,1.9662870800000292,0.0002978405369484,1024.6852324946765,-0.0002978405282929278,0.9999999112910223,0.999702203821794,1024.685141595897
87,0.53217075,1924.70009656,0.19247001,0.6023489401026381,,,-0.003785790000000011,12.818897209999932,0.000295328836614,1024.2690939114077,-0.000295328828051006,0.9999999127808857,0.9997047147772146,1024.2690045755646
88,0.52477882,1950.28165805,0.195028166,0.5993030320082247,,,-0.0073919300000000465,25.581561490000013,0.0002889553869727,1023.4665071791223,-0.00028895537894195174,0.9999999165047913,0.9997110863646428,1023.4664217245727
89,0.52068397,1965.75906902,0.196575907,0.5963513539757863,,,-0.004094849999999983,15.477410969999937,0.0002645694430207,1023.5392361208376,-0.0002645694368647764,0.9999999300030148,0.9997354655585424,1023.5391644761768
90,0.51684526,1980.48402097,0.198048402,0.593886170433186,,,-0.003838710000000023,14.724951950000104,0.0002606942292765,1023.603778744085,-0.00026069422338852026,0.9999999320385233,0.9997393397543979,1023.6037091784607
91,0.5100228,2005.54694062,0.200554694,0.5906816638621661,,,-0.006822459999999975,25.062919649999913,0.0002722132973732,1022.874666186446,-0.0002722132906604544,0.9999999258999261,0.9997278237560158,1022.8745903913577
92,0.49835901,2052.83548436,0.205283548,0.5894833482908305,,,-0.011663790000000007,47.28854374000002,0.0002466514947866,1023.04905967852,-0.00024665148978999135,0.9999999391630439,0.999753378926188,1023.0489974393292
93,0.49771579,2055.35152284,0.205535152,0.5849503777922335,,,-0.0006432199999999999,2.516038480000134,0.0002556479182879,1022.9809069180136,-0.0002556479128201706,0.9999999346441462,0.999744384762323,1022.9808400602229
94,0.49035099,2086.4120467,0.208641205,0.5816536184848458,,,-0.007364800000000005,31.06052385999965,0.0002371112616438,1023.0742126472712,-0.00023711125720786357,0.9999999437782529,0.9997629168514446,1023.0741551282515
95,0.48147262,2125.08319368,0.212508319,0.5777075564644836,,,-0.008878369999999969,38.67114698000023,0.0002295864150179,1023.1693729790773,-0.00022958641099005725,0.9999999472900807,0.9997704399419532,1023.1693190479021
96,0.46904838,2178.60723722,0.217860724,0.5747121608220745,,,-0.01242424000000003,53.52404354000009,0.0002321244655307,1021.8721952743168,-0.0002321244613660096,0.9999999461182355,0.9997679024774323,1021.8721402140399
97,0.4580396,2231.16941956,0.223116942,0.5695972193759946,,,-0.011008779999999996,52.56218233999971,0.0002094429780061,1021.9639484674944,-0.0002094429749476105,0.9999999561336408,0.9997905789567011,1021.9639036376568
98,0.45536222,2244.3272828,0.224432728,0.5670447556745744,,,-0.002677380000000007,13.157863240000097,0.00020348136707,1021.9818539023756,-0.000203481364277197,0.999999958595335,0.9997965393366515,1021.9818115875593
99,0.45032334,2268.29530702,0.226829531,0.563622603049039,,,-0.005038879999999968,23.96802422000019,0.0002102334324072,1021.466318763572,-0.0002102334293186737,0.9999999558019057,0.9997897886681801,1021.4662736167073
100,0.44684036,2285.18645099,0.228518645,0.5578568476449708,,,-0.0034829800000000244,16.89114397000003,0.0002062015459686,1021.113536427494,-0.00020620154305840387,0.9999999574809242,0.9997938197150186,1021.11349301069
101,0.43840467,2327.23603158,0.232723603,0.5548133475750349,,,-0.008435689999999996,42.049580590000005,0.0002006129402823,1020.2711444369396,-0.00020061293759585783,0.9999999597544498,0.999799407183834,1020.271103375566
102,0.43093573,2365.87381352,0.236587381,0.5538233816517736,,,-0.0074689399999999795,38.63778193999997,0.000193306645071,1019.5395589171252,-0.00019330664266822088,0.9999999626325423,0.9998067120398569,1019.5395208195239
103,0.41870355,2435.13466103,0.243513466,0.5535975481740002,,,-0.012232180000000037,69.26084751000008,0.0001766103136127,1019.5995273013076,-0.00017661031177903388,0.9999999688087982,0.999823405282904,1019.599495498773
104,0.41095021,2481.12522871,0.248112523,0.5487119228053738,,,-0.0077533399999999975,45.99056767999991,0.0001685854380789,1019.6189337746724,-0.00016858543648546947,0.9999999715789509,0.9998314287732407,1019.6189047960327
105,0.40888248,2493.18278126,0.249318278,0.5479954326920184,,,-0.00206772999999999,12.057552549999855,0.0001714883672498,1019.4187586948864,-0.00017148836558299454,0.9999999705917408,0.9998285263377062,1019.4187287155553
106,0.40803808,2498.14262864,0.249814263,0.5462596807734814,,,-0.0008443999999999674,4.959847380000156,0.0001702471739825,1019.3373217564188,-0.00017024717237204242,0.9999999710159007,0.9998297673188554,1019.3372922118446
107,0.403357,2526.02258043,0.252602258,0.5412806468799698,,,-0.004681080000000004,27.879951789999723,0.0001679012946324,1018.8888899745036,-0.00016790129306074332,0.9999999718091561,0.9998321128015725,1018.888861251166
108,0.39763851,2560.98997401,0.256098997,0.5355218954575054,,,-0.0057184900000000205,34.967393580000135,0.0001635377823272,1018.3482373902752,-0.00016353778087398448,0.9999999732553946,0.9998364755907,1018.3482101549534
109,0.39277289,2592.72744432,0.259272744,0.529865569539756,,,-0.004865620000000015,31.737470309999935,0.0001533083750003,1018.3530512878804,-0.00015330837380404921,0.9999999764965427,0.9998467033773242,1018.3530273530629
110,0.38272551,2658.35984041,0.265835984,0.5289676279217831,,,-0.010047379999999995,65.63239608999993,0.000153085680219,1017.4221256844356,-0.00015308567902556471,0.999999976564775,0.9998469260379891,1017.4221018409193
111,0.37931205,2682.28260395,0.26822826,0.5199293888619418,,,-0.0034134599999999793,23.922763540000233,0.0001426866922857,1017.4221131836126,-0.00014268669132339336,0.9999999796405082,0.9998573234879384,1017.4220924694155
112,0.37016502,2746.33097894,0.274633098,0.5191915840398219,,,-0.00914703,64.04837498999996,0.0001428143961698,1016.5956617459448,-0.00014281439520113804,0.9999999796040487,0.9998571958022892,1016.5956410115092
113,0.36868558,2756.99389742,0.27569939,0.5179446788991187,,,-0.0014794399999999985,10.662918479999917,0.0001387462543801,1016.4638941267532,-0.00013874625350288516,0.9999999807494774,0.9998612633713134,1016.463874559292
114,0.36681123,2771.07848128,0.277107848,0.5154715896112454,,,-0.0018743500000000246,14.084583859999839,0.0001330781241744,1016.4627061448488,-0.0001330781233983342,0.9999999822902131,0.9998669307311023,1016.462688143511
115,0.35938611,2828.29425114,0.282829425,0.5108209357777969,,,-0.007425120000000007,57.215769860000364,0.0001297740119208,1016.4496688525676,-0.00012977401119456132,0.9999999831587062,0.9998702344090882,1016.4496517342401
116,0.35649022,2850.55008301,0.285055008,0.5087050245729435,,,-0.0028958899999999566,22.255831869999838,0.0001301182547021,1016.1932262132532,-0.00013011825397370652,0.9999999830692402,0.9998698902110391,1016.1932090083297
117,0.34724506,2924.12527301,0.292412527,0.5071843249320223,,,-0.00924516000000003,73.57519000000002,0.0001256559446176,1015.3880558738738,-0.0001256559439580308,0.9999999842105839,0.9998743519504194,1015.3880398414892
118,0.34458867,2946.00653448,0.294600653,0.5048505721994068,,,-0.0026563900000000085,21.881261470000027,0.0001214002219899,1015.1604735277724,-0.00012140022139912002,0.9999999852619863,0.9998786071473096,1015.1604585663234
119,0.33844768,2999.39928925,0.299939929,0.4953891955218505,,,-0.006140990000000013,53.39275477000001,0.0001150154178472,1015.1397308403114,-0.00011501541734219872,0.9999999867714537,0.9998849911966773,1015.1397174114885
120,0.33610606,3019.70310911,0.301970311,0.4905476367153215,,,-0.0023416199999999887,20.30381985999975,0.0001153290373944,1014.940514372712,-0.00011532903688883603,0.9999999866992133,0.9998846776132488,1014.9405008732047
121,0.33038234,3071.93483977,0.307193484,0.4820150182948896,,,-0.005723719999999988,52.23173066000027,0.0001095831964127,1014.9130206907377,-0.00010958319597616231,0.9999999879915231,0.999890422808043,1014.9130085031782
122,0.32408318,3131.52218058,0.313152218,0.4819101742804589,,,-0.00629915999999997,59.587340810000114,0.0001057130577445,1014.8736665229007,-0.00010571305735257665,0.9999999888247495,0.9998942925300758,1014.8736551814333
123,0.31624452,3208.94531371,0.320894531,0.4776323872683664,,,-0.007838660000000053,77.42313312999977,0.0001012444173079,1014.8113704404684,-0.00010124441696327486,0.9999999897495679,0.9998987607080797,1014.8113600382134
124,0.31136725,3259.06205901,0.325906206,0.4678541597038655,,,-0.004877269999999989,50.116745300000275,9.731817121617122e-05,1014.7651908932814,-9.731817091088521e-05,0.9999999905291737,0.9999026865643487,1014.7651812826165
125,0.30317365,3346.84337805,0.334684338,0.4594881341808601,,,-0.008193599999999968,87.78131903999974,9.334104442168394e-05,1014.6747229017484,-9.334104415166775e-05,0.9999999912874495,0.9999066633119881,1014.6747140613437
126,0.29514324,3437.55274523,0.343755275,0.4442981960960108,,,-0.008030410000000043,90.70936717999984,8.852900477164951e-05,1014.5704548980766,-8.852900454134686e-05,0.9999999921626153,0.9999114749140353,1014.5704469464976
127,0.28992915,3497.86016898,0.349786017,0.4361733465849782,,,-0.005214089999999949,60.30742375,8.645851000911792e-05,1014.1316256112278,-8.645850979512363e-05,0.9999999925249261,0.9999135452276341,1014.131618030519
128,0.28714027,3531.69482354,0.353169482,0.4229700315966133,,,-0.002788880000000049,33.83465456000022,8.242673188733169e-05,1014.091805188878,-8.242673170309422e-05,0.9999999932058339,0.9999175766652866,1014.0917982989698
129,0.28136819,3602.44570134,0.36024457,0.4191974859464684,,,-0.005772079999999957,70.75087780000013,8.158315740244234e-05,1013.6136265593163,-8.158315722259475e-05,0.9999999933441885,0.9999184201705926,1013.6136198128952
130,0.27298308,3712.62065546,0.371262066,0.4026706501069699,,,-0.008385110000000029,110.17495411999971,7.61072247944036e-05,1013.4826213990896,-7.610722464814886e-05,0.9999999942076903,0.9999238956714332,1013.4826155286843
131,0.2636731,3840.84770998,0.384084771,0.3923044930318854,,,-0.009309979999999995,128.22705452000037,7.260542663775574e-05,1012.7282223183277,-7.260542651074095e-05,0.9999999947284521,0.9999273972091994,1012.7282169796823
132,0.25886461,3910.7188323,0.391071883,0.3876657206837797,,,-0.004808489999999999,69.87112231999981,6.881941838445041e-05,1012.3467053429948,-6.881941827678987e-05,0.9999999952638876,0.999931182949725,1012.3467005484071
133,0.25529506,3964.30360567,0.396430361,0.3795159339853378,,,-0.003569549999999977,53.584773369999766,6.661500600713238e-05,1012.067126867739,-6.661500590983955e-05,0.999999995562441,0.9999333872128204,1012.0671223766315
134,0.24593531,4114.50048448,0.411450048,0.3763355322473596,,,-0.009359750000000028,150.19687880999982,6.231654128963537e-05,1011.9009521457388,-6.231654120938458e-05,0.9999999961166486,0.9999376854004259,1011.9009482161717
135,0.23510326,4300.54080301,0.43005408,0.3742314413899467,,,-0.010832049999999982,186.04031853000015,5.822420691133693e-05,1011.0711625506688,-5.822420684585541e-05,0.9999999966099418,0.9999417774881504,1011.0711591230786
136,0.22532728,4483.90659308,0.448390659,0.3538706234349557,,,-0.009775980000000017,183.36579007,5.331408871968276e-05,1010.3464763927832,-5.331408866946033e-05,0.9999999971576079,0.9999466873325014,1010.3464735209824
137,0.21964494,4598.03810477,0.45980381,0.3479665833797354,,,-0.00568233999999998,114.13151169000048,4.978765211998892e-05,1009.9358036399204,-4.97876520792871e-05,0.9999999975211897,0.9999502135873053,1009.9358011364812
138,0.21701795,4653.46473637,0.465346474,0.3394643836740737,,,-0.0026269900000000235,55.42663159999938,4.7395808190383645e-05,1009.8853774843076,-4.739580815574936e-05,0.9999999977536373,0.9999526053150078,1009.8853752157388
139,0.21329521,4733.44198634,0.473344199,0.3114510129162151,,,-0.0037227399999999744,79.97724997000023,4.654748695847682e-05,1009.6205024992074,-4.654748692544118e-05,0.9999999978333314,0.999953453596392,1009.6205003116944
140,0.20832333,4844.73811206,0.484473811,0.2986091426322009,,,-0.004971880000000012,111.29612572000042,4.467253435634975e-05,1009.2719764822524,-4.4672534327034436e-05,0.9999999980043648,0.9999553284634758,1009.2719744681137
141,0.19582518,5152.60290994,0.515260291,0.2678848065241606,,,-0.012498150000000013,307.86479787999997,4.0596229533299765e-05,1009.0093923075244,-4.059622951113003e-05,0.9999999983519461,0.9999594045945046,1009.0093906446225
142,0.1906387,5292.15439182,0.529215439,0.2448187472710723,,,-0.005186479999999993,139.5514818799993,3.716535238531323e-05,1008.8894334558552,-3.716535236846783e-05,0.9999999986187367,0.9999628353382547,1008.8894320623132
143,0.18817892,5361.01642637,0.536101643,0.216022802178461,,,-0.0024597799999999947,68.86203455000032,3.5720408437514906e-05,1008.830281216566,-3.572040842284118e-05,0.9999999987240524,0.9999642802295433,1008.8302799293515
144,0.18026332,5593.41515782,0.559341516,0.2156520488464407,,,-0.007915599999999995,232.39873145,3.406042688175755e-05,1008.2875864869573,-3.40604268687328e-05,0.9999999988398873,0.999965940153181,1008.2875853172301
145,0.17470715,5769.17250406,0.57691725,0.2058678010576132,,,-0.005556169999999999,175.75734624000052,3.16127326614349e-05,1007.9156860426862,-3.161273265108388e-05,0.9999999990006352,0.9999683877670261,1007.9156850354107
146,0.17036995,5914.36755857,0.591436756,0.1594224961418349,,,-0.004337200000000013,145.19505450999986,2.987154083592724e-05,1007.6305052351928,-2.9871540827248087e-05,0.9999999991076911,0.9999701289053228,1007.6305043360751
147,0.16107727,6251.87340658,0.625187341,0.1590922157677328,,,-0.009292679999999998,337.5058480099997,2.753338958351068e-05,1007.0347007175064,-2.7533389576634687e-05,0.9999999992419124,0.9999724669894636,1007.0346999540859
148,0.15382132,6543.8511823,0.654385118,0.1491925905489832,,,-0.007255949999999983,291.97777571999995,2.4851035261442037e-05,1006.5838267449468,-2.4851035256411363e-05,0.999999999382426,0.999975149273528,1006.5838261233068
149,0.14524601,6926.64379794,0.69266438,0.1120985885713169,,,-0.008575310000000003,382.7926156399999,2.240197341748701e-05,1006.0673743420311,-2.240197341379807e-05,0.9999999994981517,0.9999775982775085,1006.0673738371379
150,0.14365435,7003.11732476,0.700311732,0.0669650439089696,,,-0.0015916600000000225,76.47352682000019,2.0813215581459767e-05,1006.0282672621366,-2.081321557872657e-05,0.9999999995668101,0.9999791870010147,1006.0282668263353
151,0.1327803,7571.89693492,0.757189693,0.03295518129375,,,-0.010874049999999996,568.7796101599997,1.9118213462191397e-05,1005.398746587758,-1.911821345989573e-05,0.9999999996344939,0.999980881969292,1005.3987462202787
152,0.12849497,7822.55051108,0.782255051,0.0330516416718049,,,-0.004285330000000004,250.65357616000074,1.7096624215915573e-05,1005.1583932447091,-1.7096624214318032e-05,0.9999999997077054,0.9999829035219321,1005.1583929509068
153,0.1265209,7944.21427309,0.794421427,0.0330461168168653,,,-0.0019740699999999944,121.66376200999912,1.6225620245258624e-05,1005.1091396241924,-1.6225620243968078e-05,0.9999999997367293,0.9999837745113906,1005.1091393595766
154,0.115416,8703.3587025,0.87033587,0.0330422589898866,,,-0.011104899999999987,759.1444294100002,1.4628178209271695e-05,1004.50684800774,-1.4628178208247568e-05,0.9999999997860165,0.999985371928783,1004.5068477927921
155,0.10407269,9649.07916077,0.964907916,0.03296210992615,,,-0.01134331000000001,945.7204582699997,1.19943582702422e-05,1004.2056242842764,-1.1994358269679697e-05,0.9999999998561353,0.9999880057136623,1004.2056241398067
156,0.10051679,9989.42388491,0.998942388,0.0328578475580273,,,-0.0035559000000000007,340.34472414000084,1.0447936306269384e-05,1004.1048228604826,-1.0447936305919919e-05,0.9999999998908407,0.9999895521182736,1004.1048227508752
157,0.1,10040.28728561,1.00402873,0.0327952035882488,,,-0.0005167899999999892,50.86340070000006,1.0160350917901333e-05,1004.028728561,-1.0160350917751464e-05,0.9999999998967672,0.9999898397006984,1004.0287284573513
158,0.1,10040.3734184,1.00403734,0.0327407763810496,,,0.0,0.08613279000019247,0.0,1004.03734184,0.0,1.0,1.0,1004.03734184
159,0.1,10039.94565573,1.00399457,0.0326973204277888,,,0.0,-0.42776267000044754,0.0,1003.994565573,3.141592653589793,1.0,0.04321391826377226,1003.994565573
160,0.1,10039.37449491,1.00393745,0.0326222242547984,,,0.0,-0.5711608199999318,0.0,1003.937449491,3.141592653589793,1.0,0.04321391826377226,1003.937449491
161,0.1,10038.86028358,1.00388603,0.0325999482613516,,,0.0,-0.5142113300007622,0.0,1003.886028358,3.141592653589793,1.0,0.04321391826377226,1003.886028358
162,0.1,10039.77979395,1.00397798,0.032573114972477,,,0.0,0.9195103700003529,0.0,1003.977979395,0.0,1.0,1.0,1003.977979395
163,0.1,10038.81557862,1.00388156,0.0325023020199179,,,0.0,-0.964215329999206,0.0,1003.881557862,3.141592653589793,1.0,0.04321391826377226,1003.881557862
164,0.1,10037.6469638,1.0037647,0.0325042790098762,,,0.0,-1.1686148200005846,0.0,1003.76469638,3.141592653589793,1.0,0.04321391826377226,1003.76469638
165,0.1,10037.27349345,1.00372735,0.0325942034048112,,,0.0,-0.37347034999947937,0.0,1003.727349345,3.141592653589793,1.0,0.04321391826377226,1003.727349345
166,0.1,10038.19243571,1.00381924,0.0325645813371423,,,0.0,0.9189422599993122,0.0,1003.819243571,0.0,1.0,1.0,1003.819243571
167,0.1,10039.12842057,1.00391284,0.0325716302783724,,,0.0,0.9359848599997349,0.0,1003.912842057,0.0,1.0,1.0,1003.912842057
168,0.1,10040.29888681,1.00402989,0.0325967061364103,,,0.0,1.1704662400006782,0.0,1004.029888681,0.0,1.0,1.0,1004.029888681
169,0.1,10041.24719993,1.00412472,0.0326510991608385,,,0.0,0.9483131199995114,0.0,1004.124719993,0.0,1.0,1.0,1004.124719993
170,0.1,10041.90493364,1.00419049,0.0326421714924842,,,0.0,0.6577337100006844,0.0,1004.190493364,0.0,1.0,1.0,1004.190493364
171,0.1,10040.8658491,1.00408658,0.0326872108798107,,,0.0,-1.0390845399997488,0.0,1004.08658491,3.141592653589793,1.0,0.04321391826377226,1004.08658491
172,0.1,10040.77325531,1.00407733,0.0326664503771556,,,0.0,-0.09259379000104673,0.0,1004.077325531,3.141592653589793,1.0,0.04321391826377226,1004.077325531
173,0.1,10042.26060863,1.00422606,0.0326531605928374,,,0.0,1.4873533200006932,0.0,1004.226060863,0.0,1.0,1.0,1004.226060863
174,0.1,10042.74097979,1.0042741,0.0327515184871354,,,0.0,0.48037115999977686,0.0,1004.274097979,0.0,1.0,1.0,1004.274097979
175,0.1,10041.69541651,1.00416954,0.0328499019983006,,,0.0,-1.0455632800003514,0.0,1004.169541651,3.141592653589793,1.0,0.04321391826377226,1004.169541651
176,0.1,10043.03303302,1.0043033,0.0328663680005564,,,0.0,1.3376165099998616,0.0,1004.303303302,0.0,1.0,1.0,1004.303303302
177,0.1,10041.6640113,1.0041664,0.0327626505298808,,,0.0,-1.3690217200000916,0.0,1004.16640113,3.141592653589793,1.0,0.04321391826377226,1004.16640113
178,0.1,10041.44656944,1.00414466,0.0328349328377515,,,0.0,-0.21744185999887122,0.0,1004.144656944,3.141592653589793,1.0,0.04321391826377226,1004.144656944
179,0.1,10042.41620876,1.00424162,0.0329120428881515,,,0.0,0.9696393199992599,0.0,1004.241620876,0.0,1.0,1.0,1004.241620876
180,0.1,10043.42133806,1.00434213,0.032999247079885,,,0.0,1.0051292999996804,0.0,1004.342133806,0.0,1.0,1.0,1004.342133806
181,0.1,10043.19222955,1.00431922,0.032901096495329,,,0.0,-0.2291085099986958,0.0,1004.319222955,3.141592653589793,1.0,0.04321391826377226,1004.319222955
182,0.1,10041.75324007,1.00417532,0.0328082884369091,,,0.0,-1.4389894800006005,0.0,1004.175324007,3.141592653589793,1.0,0.04321391826377226,1004.175324007
183,0.1,10043.03903805,1.0043039,0.0327947001459648,,,0.0,1.285797979999188,0.0,1004.303903805,0.0,1.0,1.0,1004.303903805
184,0.1,10043.71742063,1.00437174,0.0327483891106235,,,0.0,0.6783825800011982,0.0,1004.371742063,0.0,1.0,1.0,1004.371742063
185,0.1,10043.10067707,1.00431007,0.0327787405288756,,,0.0,-0.6167435600000317,0.0,1004.310067707,3.141592653589793,1.0,0.04321391826377226,1004.310067707
186,0.1,10041.85278839,1.00418528,0.0326711678658845,,,0.0,-1.24788867999996,0.0,1004.185278839,3.141592653589793,1.0,0.04321391826377226,1004.185278839
187,0.1,10040.89966183,1.00408997,0.0327577807005911,,,0.0,-0.9531265599998733,0.0,1004.089966183,3.141592653589793,1.0,0.04321391826377226,1004.089966183
188,0.1,10042.37868599,1.00423787,0.0327299703421529,,,0.0,1.4790241599985166,0.0,1004.237868599,0.0,1.0,1.0,1004.237868599
189,0.1,10041.67359737,1.00416736,0.0327108251226723,,,0.0,-0.7050886199995148,0.0,1004.167359737,3.141592653589793,1.0,0.04321391826377226,1004.167359737
190,0.1,10042.08668353,1.00420867,0.0326376908289443,,,0.0,0.41308616000060283,0.0,1004.208668353,0.0,1.0,1.0,1004.208668353
191,0.1,10041.21671409,1.00412167,0.032637650445692,,,0.0,-0.8699694400002045,0.0,1004.121671409,3.141592653589793,1.0,0.04321391826377226,1004.121671409
192,0.1,10040.34669635,1.00403467,0.03257905435162,,,0.0,-0.8700177400005487,0.0,1004.034669635,3.141592653589793,1.0,0.04321391826377226,1004.034669635
193,0.1,10041.41325698,1.00414133,0.0324953010360555,,,0.0,1.0665606300008221,0.0,1004.141325698,0.0,1.0,1.0,1004.141325698
194,0.1,10040.91048445,1.00409105,0.0324457599035521,,,0.0,-0.5027725300005841,0.0,1004.091048445,3.141592653589793,1.0,0.04321391826377226,1004.091048445
195,0.1,10040.10070527,1.00401007,0.0324590445528035,,,0.0,-0.8097791799991683,0.0,1004.0100705270002,3.141592653589793,1.0,0.04321391826377226,1004.0100705270002
196,0.1,10041.31569546,1.00413157,0.0324194785795188,,,0.0,1.2149901899992983,0.0,1004.131569546,0.0,1.0,1.0,1004.131569546
197,0.1,10041.26722269,1.00412672,0.0323416774728247,,,0.0,-0.04847277000044414,0.0,1004.126722269,3.141592653589793,1.0,0.04321391826377226,1004.126722269
198,0.1,10042.50389341,1.00425039,0.0323496555183104,,,0.0,1.2366707199998928,0.0,1004.250389341,0.0,1.0,1.0,1004.250389341
199,0.1,10041.91976831,1.00419198,0.0323848511027885,,,0.0,-0.5841251000001648,0.0,1004.191976831,3.141592653589793,1.0,0.04321391826377226,1004.191976831
200,0.1,10042.17414221,1.00421741,0.0323419916076958,,,0.0,0.25437390000115556,0.0,1004.217414221,0.0,1.0,1.0,1004.217414221
201,,,,,,,,,,,,,,
202,,,,,,,,,,,,,,
203,,,,,,,,,,,,,,
204,,,,,,,,,,,,,,
205,,,,,,,,,,,,,,
206,,,,,,,,,,,,,,
207,,,,,,,,,,,,,,
208,,,,,,,,,,,,,,
209,,,,,,,,,,,,,,
210,,,,,,,,,,,,,,
