cycle,coherence,epsilon,epsilon_gw,phi_reconstructed,phi_pred,eps_pred,dphi,deps,entropy_flux,closure_energy,phase_shift,harmonic_ratio,resonance_intensity,harmonic_energy,d_coh,d_eff,gradient_magnitude,resonant_field,coherence_norm,epsilon_norm,resonant_field_norm,resonant_field_smooth,resonant_field_delta,rei
1,0.99146569,1082.58365205,0.108258365,0.6815886036902361,,,,,,1073.344547562473,,,,,,,,,1.0,0.0,,0.5136807567478974,-0.5136807567478974,0.8999992905455982
2,0.98850668,1085.24775626,0.108524776,0.6813563980700283,,,-0.0029590099999999,2.664104210000005,0.0011106960410115,1072.774656518022,-0.0011106955846936,0.9999987663558256,0.9988899210093434,1072.7733330958165,-0.0029590099999999,2.664104210000005,2.6641058532798447,-1785.2083828472769,0.9966807359686496,0.0002972954403761,0.9971140261790882,0.5136807490764213,0.4834332771026669,0.8999992905455982
3,0.98338259,1089.90412339,0.108990412,0.6811330905507567,,,-0.00512409,4.656367130000035,0.0011004480222115,1071.7927397109377,-0.0011004475782392,0.9999987890156165,0.9989001576921538,1071.7914417866673,-0.00512409,4.656367130000035,4.656369949396535,-3918.866019769157,0.990932797424879,0.0008169135211068,0.9948672407653316,0.5136807392180456,0.48118650154728604,0.8999992905455982
4,0.98026148,1092.7673484,0.109276735,0.6805323325817831,,,-0.0031211099999999,2.863225009999951,0.0010900680135194,1071.1977382382595,-0.0010900675821433,0.999998811753137,0.998910526325704,1071.1964653909074,-0.0031211099999999,2.863225009999951,2.8632267111105354,-1995.8818671635308,0.9874316980163308,0.0011364294533473,0.9968921826633168,0.5136807271593198,0.483211455503997,0.8999992905455982
5,0.98004366,1093.02022273,0.109302022,0.6800847463132451,,,-0.00021782,0.2528743299999405,0.0008613764755746,1071.2075395383242,-0.0008613762659427,0.999999258031112,0.9991389946120968,1071.2067447356574,-0.00021782,0.2528743299999405,0.2528744238124354,800.3259563766335,0.9871873588314992,0.0011646484640808,0.9998366470624064,0.5136807045747058,0.48615594248770055,0.8999992905455982
6,0.9712802,1101.1749224,0.110117492,0.6796917760165062,,,-0.0087634599999999,8.154699670000127,0.0010746514713674,1069.5493988636565,-0.0010746510578031,0.9999988451255484,0.9989259261728524,1069.5481636683812,-0.0087634599999999,8.154699670000127,8.15470437883136,-7652.300929969207,0.9773569636763026,0.0020746560457769,0.9909358569508464,0.5136806760227668,0.4772551809280796,0.8999992905455982
7,0.96372688,1108.33788558,0.110833789,0.6793886582468629,,,-0.00755332,7.162963179999906,0.0010544965552853,1068.1350124558105,-0.001054496164579,0.9999988880382512,0.9989460596211264,1068.133824730534,-0.00755332,7.162963179999906,7.16296716247376,-6582.873686941783,0.9688840408428956,0.0028739927552806,0.9920619858522828,0.513680640795741,0.47838134505654173,0.8999992905455982
8,0.95500467,1116.76813848,0.111676814,0.6790000326368881,,,-0.0087222099999999,8.430252900000141,0.0010346320688629,1066.5187875556069,-0.0010346316998073,0.9999989295376276,0.9989659033470284,1066.5176458873757,-0.0087222099999999,8.430252900000141,8.430257412138022,-7924.500643530668,0.9590999177994164,0.0038147501547024,0.9906492250491412,0.5136805981695054,0.4769686268796358,0.8999992905455982
9,0.94742261,1124.23817586,0.112423818,0.678053268280405,,,-0.0075820599999999,7.470037379999894,0.0010149962594946,1065.1286668349203,-0.0010149959110751,0.9999989697836542,0.9989855190230412,1065.1275695219574,-0.0075820599999999,7.470037379999894,7.470041227880173,-6891.41928775887,0.9505947559238092,0.0046483542022384,0.9917370809831046,0.513680548599533,0.4780565323835716,0.8999992905455982
10,0.93637625,1135.36420339,0.11353642,0.6778123824993282,,,-0.01104636,11.1260275300001,0.0009928395349752,1063.1280751545655,-0.0009928392088406,0.9999990142706292,0.9990076534929352,1063.127027197997,-0.01104636,11.1260275300001,11.126033013630211,-10765.259375089465,0.9382035218876456,0.0058899412399201,0.987657847626812,0.5136804918738641,0.47397735575294786,0.8999992905455982
11,0.93140768,1140.46491241,0.114046491,0.6768362124171213,,,-0.00496857,5.10070901999984,0.0009740939895893,1062.2377781892012,-0.0009740936816878,0.9999990511417994,0.999026380593554,1062.2367702761744,-0.00496857,5.10070901999984,5.100711439926354,-4355.92647578193,0.9326300376181612,0.0064591447750669,0.99440700710811,0.5136804278643744,0.48072657924373563,0.8999992905455982
12,0.92736167,1144.66362135,0.114466362,0.6767024824664343,,,-0.0040460099999999,4.198708940000188,0.0009636319299227,1061.5171674833837,-0.0009636316318805,0.9999990714143654,0.9990368325119804,1061.516181773791,-0.0040460099999999,4.198708940000188,4.198710889431948,-3395.483369948048,0.9280914333337944,0.0069276913952192,0.9954183734696056,0.5136803565284498,0.4817380169411558,0.8999992905455982
13,0.92621258,1146.1393226,0.114613932,0.6761491084275948,,,-0.00114909,1.4757012499999291,0.0007786738672352,1061.5686590247983,-0.0007786737103844,0.9999993936673752,0.9992216293773152,1061.568015361087,-0.00114909,1.4757012499999291,1.4757016973830388,-504.9897067948129,0.9268024437373468,0.0070923693576411,0.9984621227987142,0.5136802777383713,0.48478184506034283,0.8999992905455982
14,0.91984397,1152.85023298,0.115285023,0.6753405503356179,,,-0.0063686099999999,6.710910380000087,0.0009489934507292,1060.442335119748,-0.0009489931659865,0.9999990994122412,0.9990514569856198,1060.441380098362,-0.0063686099999999,6.710910380000087,6.710913401883997,-6056.088889516098,0.919658467169948,0.0078412601289774,0.9926167010880186,0.5136801913752619,0.4789365097127567,0.8999992905455982
15,0.91157398,1163.70539953,0.11637054,0.6749565329877296,,,-0.0082699899999999,10.855166549999922,0.0007618482831328,1060.8035625970522,-0.0007618481358075,0.9999994195875302,0.9992384419967998,1060.8029468934365,-0.0082699899999999,10.855166549999922,10.855169700238308,-10454.3930601477,0.9103816210806722,0.0090526209712919,0.987985196255736,0.5136800973156419,0.4743050989400941,0.8999992905455982
16,0.90717137,1168.50097498,0.116850097,0.67477317430379,,,-0.0044026099999999,4.795575449999888,0.0009180566638946,1060.0306303189425,-0.0009180564061649,0.9999991571726718,0.9990823648786866,1060.0297368961585,-0.0044026099999999,4.795575449999888,4.795577470922186,-4023.424987870632,0.9054430014014336,0.0095877737291734,0.9947571380195382,0.5136799954176232,0.48107714260191503,0.8999992905455982
17,0.90702412,1168.66226834,0.116866227,0.6744516401462568,,,-0.00014725,0.1612933600001724,0.0009129328019885,1060.0048655182925,-0.0009129325540219,0.9999991665543831,0.9990874840421178,1060.0039820618836,-0.00014725,0.1612933600001724,0.1612934272148364,889.0323069337484,0.9052778239844542,0.0096057729426842,0.999930056675594,0.5136798855315535,0.48625017114404046,0.8999992905455982
18,0.89685397,1179.9440555,0.117994406,0.6739216895681766,,,-0.0101701499999999,11.281787160000022,0.0009014662176181,1058.2375105530757,-0.0009014659735086,0.9999991873593188,0.9990989402248748,1058.2366505862242,-0.0101701499999999,11.281787160000022,11.281791744022415,-10880.568857219376,0.8938694769060602,0.0108647416682217,0.9875364243684438,0.5136797674972244,0.47385665687121936,0.8999992905455982
19,0.89325196,1184.8725286,0.118487253,0.6729279614901389,,,-0.00360201,4.928473099999792,0.0007308571896779,1058.3897085221058,-0.0007308570596966,0.9999994658480532,0.9992694099512712,1058.3891431811826,-0.00360201,4.928473099999792,4.928474416277069,-4157.854671452684,0.8898289288059982,0.0114147248765162,0.994615580795445,0.513679641142986,0.48093593965245895,0.8999992905455982
20,0.89192133,1186.70236255,0.118670236,0.6726068101015374,,,-0.0013306299999999,1.829833950000193,0.0007271862013887,1058.4451495197382,-0.0007271860736075,0.9999994712005076,0.9992730782621077,1058.4445898144804,-0.0013306299999999,1.829833950000193,1.8298344338080168,-878.3337669058579,0.8883362970480669,0.0116189215772078,0.9980689838180012,0.5136795062868447,0.4843894775311566,0.8999992905455982
21,0.88466531,1195.02750999,0.119502751,0.6718779431370613,,,-0.0072560199999999,8.32514743999991,0.000871578557788,1057.1993825838315,-0.0008715783371949,0.9999992403513944,0.9991288013768792,1057.198579483795,-0.0072560199999999,8.32514743999991,8.325150602095032,-7744.138811039733,0.8801968699434749,0.0125479499406935,0.9908391497715646,0.5136793627360347,0.47715978703552997,0.8999992905455982
22,0.88340852,1196.48483468,0.119648483,0.671210428714885,,,-0.00125679,1.4573246899999504,0.0008623953246394,1056.9848970071034,-0.0008623951114361,0.9999992562748564,0.9991379766443536,1056.984110900859,-0.00125679,1.4573246899999504,1.45732523192476,-483.3855036585216,0.8787870680698885,0.0127105772072465,0.9984848724693466,0.5136792102869872,0.48480566218235943,0.8999992905455982
23,0.87927384,1201.31167175,0.120131167,0.6707268067637566,,,-0.00413468,4.8268370700000105,0.0008566023545401,1056.281926656442,-0.0008566021452019,0.9999992662329442,0.9991437646336804,1056.2811515915623,-0.00413468,4.8268370700000105,4.826838840887998,-4042.217737808494,0.8741489983759219,0.013249218543784,0.9947373488669984,0.5136790487254288,0.4810583001415696,0.8999992905455982
24,0.86679172,1216.19138451,0.121619138,0.6701244981077774,,,-0.0124821199999999,14.879712760000077,0.0008388683437973,1054.1846220286045,-0.0008388681470831,0.9999992963003967,0.9991614836044364,1054.1838801993044,-0.0124821199999999,14.879712760000077,14.87971799542682,-14631.774972491155,0.860147203197467,0.0149096906608472,0.9835863271091916,0.5136788778263219,0.46990744928286965,0.8999992905455982
25,0.85599215,1229.45075494,0.122945075,0.6695682750494705,,,-0.01079957,13.25937042999999,0.0008144858804722,1052.4001950402137,-0.0008144857004271,0.9999993366131904,0.999185845903016,1052.399496891806,-0.01079957,13.25937042999999,13.2593748280479,-12901.75990124568,0.8480328053904127,0.0163893438802301,0.9854080685921698,0.513678697353867,0.47172937123830283,0.8999992905455982
26,0.84848466,1238.88653459,0.123888653,0.6688346686376103,,,-0.0075074899999999,9.435779650000086,0.0007956406653905,1051.1762200801743,-0.000795640497583,0.999999366956332,0.9992046759403884,1051.1755546397244,-0.0075074899999999,9.435779650000086,9.435782636631783,-8867.488491881571,0.8396112922753091,0.0174423110486351,0.989656239433098,0.5136785070615113,0.4759777323715867,0.8999992905455982
27,0.84673534,1241.53133186,0.124153133,0.6679690752022589,,,-0.00174932,2.644797269999799,0.0006614193152652,1051.2484544031297,-0.0006614192190637,0.9999995625246804,0.9993387994704102,1051.247994507876,-0.00174932,2.644797269999799,2.6447978485167543,-1729.0904396241071,0.8376489957790748,0.0177374519692263,0.9971731195285092,0.5136783066919467,0.4834948128365625,0.8999992905455982
28,0.84569939,1242.85370962,0.124285371,0.6668301198827286,,,-0.0010359499999998,1.3223777600001083,0.0007833994419388,1051.0806240848713,-0.0007833992822701,0.99999938628569,0.9992169074948328,1051.0799790216513,-0.0010359499999998,1.3223777600001083,1.3223781657813725,-338.8452357265234,0.8364869207697719,0.0178850201000176,0.9986370763468904,0.5136780959771174,0.4849589803697729,0.8999992905455982
29,0.84486625,1243.91978296,0.124391978,0.6664126615949522,,,-0.00083314,1.0660733400000026,0.0007815034556801,1050.9458423302292,-0.0007815032973128,0.9999993892527206,0.9992188019968544,1050.9452004679151,-0.00083314,1.0660733400000026,1.0660736655508478,-69.43980168798574,0.8355523475053763,0.0180039864459657,0.9989207658147368,0.5136778746382339,0.4852428911765029,0.8999992905455982
30,0.83582196,1257.81283083,0.125781283,0.666394338791745,,,-0.00904429,13.893047869999918,0.0006509939420045,1051.307585577479,-0.0006509938500891,0.999999576207067,0.9993492180004336,1051.3071400407537,-0.00904429,13.893047869999918,13.893050813888609,-13554.556377549345,0.8254069318136069,0.0195543536460082,0.9847206604645816,0.5136776423857865,0.4710430180787951,0.8999992905455982
31,0.82682517,1269.75170364,0.12697517,0.6659830754865923,,,-0.0089967899999999,11.93887281000002,0.0007535711404606,1049.8626682199326,-0.0007535709978804,0.9999994321308588,0.9992467128654358,1049.8620720353208,-0.0089967899999999,11.93887281000002,11.93887619986019,-11484.311232923075,0.8153147991595728,0.0208866485451046,0.9869006712185828,0.5136773989195693,0.4732232722990135,0.8999992905455982
32,0.82027982,1278.61691703,0.127861692,0.6650914615899092,,,-0.00654535,8.865213390000008,0.0007383183812185,1048.8236545503232,-0.0007383182471459,0.9999994548862652,0.9992619542427056,1048.8230828221435,-0.00654535,8.865213390000008,8.865215806275788,-8249.219888999623,0.8079725648218722,0.0218759445001638,0.9903072889992048,0.5136771439287074,0.4766301450704974,0.8999992905455982
33,0.81641639,1283.922285,0.128392228,0.6643800029615632,,,-0.00386343,5.305367970000134,0.0007282115059912,1048.2151969602512,-0.000728211377407,0.9999994697082836,0.9992720537041492,1048.2146411004153,-0.00386343,5.305367970000134,5.305369376697037,-4512.951215999204,0.8036387693170783,0.0224679865460712,0.9942416568242528,0.5136768770916904,0.4805647797325624,0.8999992905455982
34,0.80597449,1298.53814564,0.129853815,0.6633851750242173,,,-0.0104419,14.615860639999935,0.0007144225206081,1046.5886196777446,-0.00071442239911,0.9999994896007226,0.9992858327398096,1046.5880854996694,-0.0104419,14.615860639999935,14.61586436996372,-14250.201423383493,0.7919255871754302,0.0240990146076371,0.9839881319112253,0.5136765980764135,0.4703115338348117,0.8999992905455982
35,0.80465255,1300.73515865,0.130073516,0.6623043943847307,,,-0.0013219399999999,2.197013009999864,0.000601698757987,1046.639862282377,-0.0006016986856476,0.9999996379587354,0.9993984822987052,1046.6394833555576,-0.0013219399999999,2.197013009999864,2.1970134077046564,-1252.8414946096768,0.7904427034090342,0.0243441859293401,0.9976746194713584,0.5136763065402258,0.4839983129311326,0.8999992905455982
36,0.79761466,1312.54551382,0.131254551,0.6616226506241121,,,-0.0070378899999999,11.810355170000092,0.0005959084124143,1046.9055437400646,-0.0005959083419277,0.99999964489329,0.999404269176185,1046.905171976881,-0.0070378899999999,11.810355170000092,11.810357266968836,-11317.418933707537,0.7825479632312042,0.0256621391565768,0.9870764122451924,0.5136760021299864,0.47340041011520595,0.8999992905455982
37,0.79212818,1320.57084815,0.132057085,0.6608917331669033,,,-0.00548648,8.025334330000078,0.0006836450387876,1046.061382506116,-0.0006836449323676,0.9999995326296792,0.9993165886995856,1046.060893608072,-0.00548648,8.025334330000078,8.025336205402276,-7348.929468920247,0.7763935143706989,0.0265577104690082,0.991255313344337,0.5136756844821291,0.47757962886220795,0.8999992905455982
38,0.78861079,1326.62363213,0.132662363,0.6608317556033897,,,-0.0035173899999999,6.052783979999958,0.0005811193677225,1046.1897105667088,-0.0005811193024039,0.9999996623003944,0.9994190495147152,1046.1893572688562,-0.0035173899999999,6.052783979999958,6.052785002011599,-5286.169893672231,0.7724478886001771,0.0272331589263476,0.99342744163969,0.5136753532227362,0.4797520884169538,0.8999992905455982
39,0.7833286,1334.54057659,0.133454058,0.6595039678502292,,,-0.0052821899999999,7.916944459999968,0.0006672005880577,1045.3838015034376,-0.0006672004891391,0.9999995548435734,0.999333022039614,1045.38333614412,-0.0052821899999999,7.916944459999968,7.916946222139909,-7230.860317630086,0.7665226016718603,0.0281166346856047,0.9913796425911396,0.513675007967621,0.47770463462351864,0.8999992905455982
40,0.77570755,1347.99728348,0.134799728,0.6594711674431776,,,-0.00762105,13.456706890000078,0.0005663384111529,1045.6516701749265,-0.000566338350646,0.9999996792609068,0.9994338219886474,1045.651334793558,-0.00762105,13.456706890000078,13.45670904804658,-13025.374443224897,0.7579737028353835,0.0296183092769586,0.9852778999348176,0.5136746483224222,0.47160325161239547,0.8999992905455982
41,0.76769806,1360.48596473,0.136048596,0.659371545963656,,,-0.00800949,12.4886812499999,0.0006413399332582,1044.4424357804494,-0.0006413398453783,0.9999995886832592,0.9993588657690616,1044.442006183791,-0.00800949,12.4886812499999,12.488683818402526,-11999.26397570359,0.7489890721425296,0.0310119589615318,0.9863584153799552,0.5136742738827075,0.4726841414972477,0.8999992905455982
42,0.75713773,1377.38693047,0.137738693,0.6588261734541748,,,-0.01056033,16.900965739999947,0.0006248358917373,1042.8716138677237,-0.0006248358104582,0.9999996095802608,0.9993753593587852,1042.87120671006,-0.01056033,16.900965739999947,16.90096903923623,-16582.66276980759,0.7371430413659554,0.0328979888073599,0.9815320020989198,0.5136738842340891,0.46785811786483067,0.8999992905455982
43,0.74490559,1397.6074196,0.139760742,0.658069891158234,,,-0.0122321399999999,20.22048913000004,0.0006049378885324,1041.0855794855156,-0.00060493781477,0.999999634050285,0.9993952451232192,1041.0851985005445,-0.0122321399999999,20.220489130000036,20.220492829842165,-20010.170593034523,0.7234216607932494,0.0351544543006994,0.977922765804632,0.5136734789523514,0.4642492868522806,0.8999992905455982
44,0.74478438,1397.84044361,0.139784044,0.6569666714114932,,,-0.0001212099999999,0.2330240100000082,0.0005201609889033,1041.0897281329987,-0.0005201609442226,0.9999997294326164,0.999479974316028,1041.089446448075,-0.0001212099999999,0.2330240100000082,0.233024041524363,798.4905760483828,0.7232856936984305,0.0351804581542315,0.999834714369139,0.5136730576035899,0.486161656765549,0.8999992905455982
45,0.74290776,1401.45726841,0.140145727,0.6552706396258023,,,-0.0018766199999999,3.6168248000001313,0.0005188584195399,1041.153480010192,-0.0005188583731221,0.9999997307860128,0.999481276210606,1041.1531997171123,-0.0018766199999999,3.6168248000001313,3.6168252868501423,-2724.516020504676,0.7211805986610658,0.0355840705646032,0.9961249159006634,0.5136726197443655,0.4824522961562979,0.8999992905455982
46,0.74254103,1402.07806074,0.140207806,0.6545595830052046,,,-0.0003667299999999,0.6207923299998583,0.0005907450554508,1041.100487362282,-0.0005907449876831,0.9999996510204,0.9994094294677826,1041.1001240394503,-0.0003667299999999,0.6207923299998583,0.6207924383218162,394.7930394998547,0.7207692199573044,0.035653346656896,0.9994096125529004,0.5136721649218695,0.4857374476310309,0.8999992905455982
47,0.73287494,1418.6804872,0.141868049,0.653178673568133,,,-0.00966609,16.60242646000006,0.0005822094753863,1039.7153769358708,-0.000582209409638,0.9999996610322416,0.9994179600413734,1039.71502450588,-0.00966609,16.60242646000006,16.602429273844415,-16222.080134806403,0.7099263012578757,0.0375060616022093,0.9819117030362938,0.5136716926741057,0.4682400103621881,0.8999992905455982
48,0.73086312,1422.19504756,0.142219505,0.6518931775524027,,,-0.0020118199999999,3.514560359999905,0.0005724243698656,1039.42990970825,-0.0005724243075064,0.999999672330448,0.9994277394960308,1039.4295691187174,-0.0020118199999999,3.514560359999905,3.514560935807256,-2613.7089900288947,0.7076695458688937,0.037898262014653,0.9962415979847552,0.5136712025300848,0.4825703954546704,0.8999992905455982
49,0.72992197,1423.84631741,0.142384632,0.6509772503933844,,,-0.0009411499999999,1.6512698500000624,0.0005699552979968,1039.2967089811525,-0.0005699552366255,0.9999996751510634,0.9994302071570064,1039.2963713667218,-0.0009411499999999,1.6512698500000624,1.6512701182067553,-676.8626706318568,0.7066138125854289,0.0380825322077607,0.9982811370297296,0.5136706940100356,0.484610443019694,0.8999992905455982
50,0.72521478,1432.17384039,0.143217384,0.6504966995472348,,,-0.00470719,8.327522979999912,0.0005652569210244,1038.6336365801887,-0.0005652568608895,0.9999996804847152,0.9994349028666728,1038.6333047208666,-0.00470719,8.327522979999912,8.32752431038567,-7610.610789918357,0.7013335308507498,0.0390118256649344,0.9909797575265258,0.5136701666256328,0.477309590900893,0.8999992905455982
51,0.71899401,1444.85066014,0.144485066,0.6491001236610783,,,-0.0062207699999999,12.67681975000005,0.0004907200798141,1038.8389699852055,-0.0004907200404633,0.9999997591938612,0.9995094003429232,1038.8387198264045,-0.0062207699999999,12.67681975000005,12.676821276328331,-12130.334066342648,0.6943553935317466,0.0404264702933237,0.9862203958763894,0.5136696198802383,0.47255077599615114,0.8999992905455982
52,0.71611957,1450.77826544,0.145077827,0.649092853805138,,,-0.0028744399999999,5.927605300000096,0.0004849243250921,1038.9307076122388,-0.0004849242871636,0.999999764848454,0.9995151932696156,1038.930463306077,-0.0028744399999999,5.927605300000096,5.927605996942994,-5119.439981393788,0.6911309957425283,0.0410879496834411,0.993603011669512,0.5136690532691628,0.47993395840034925,0.8999992905455982
53,0.70906782,1463.81952977,0.146381953,0.6485494692357088,,,-0.00705175,13.041264329999876,0.0005407259465815,1037.947322847439,-0.000540725893923,0.999999707615536,0.9994594202719768,1037.9470193677676,-0.00705175,13.041264329999876,13.041266236531834,-12498.196399621953,0.6832207081351611,0.0425432637839543,0.9858330292668734,0.5136684662799433,0.4721645629869301,0.8999992905455982
54,0.70387321,1473.60426711,0.147360427,0.6472019374409208,,,-0.0051946099999999,9.784737339999992,0.0005308890590484,1037.2305657604131,-0.0005308890092269,0.9999997181568864,0.9994692518874084,1037.230273424121,-0.0051946099999999,9.784737339999992,9.784738718880703,-9111.796943344094,0.6773936639109466,0.0436351721956229,0.989398977604534,0.5136678583926388,0.47573111921189515,0.8999992905455982
55,0.69654305,1487.67567571,0.148767568,0.6462767717694797,,,-0.0073301599999999,14.07140860000004,0.0005209258154495,1036.2301525698545,-0.0005209257683664,0.9999997286363684,0.9994792098899046,1036.229871374677,-0.0073301599999999,14.07140860000004,14.0714105092347,-13544.986030669874,0.6691710703975607,0.0452054432085764,0.9847307382368544,0.513667229080145,0.47106350915670947,0.8999992905455982
56,0.68555908,1509.35964066,0.150935964,0.6441911170418857,,,-0.01098397,21.68396495000001,0.0005065480425199,1034.75520664,-0.000506547999218,0.9999997434091464,0.9994935802745598,1034.7549411312782,-0.01098397,21.683964950000014,21.68396773195409,-21402.83781283941,0.6568498222292773,0.0476252223916558,0.9764562585536424,0.5136665778085262,0.46278968074511617,0.8999992905455982
57,0.68324524,1514.02182184,0.151402182,0.6431819732545832,,,-0.00231384,4.662181180000061,0.0004962998884362,1034.448203028308,-0.0004962998477942,0.9999997536864814,0.9995038232886037,1034.4479482297313,-0.00231384,4.662181180000061,4.662181754179294,-3788.3364016551286,0.6542542764601519,0.0481454892797975,0.9950046911402028,0.5136659040373707,0.4813387871028322,0.8999992905455982
58,0.68284976,1514.9169279,0.151491693,0.6413886259939121,,,-0.00039548,0.8951060599999892,0.0004418247370129,1034.4606606364523,-0.0004418247087571,0.9999998047909396,0.9995582728814064,1034.460458700359,-0.00039548,0.8951060599999892,0.8951061473664085,108.50854291019294,0.6538106474967085,0.0482453768702649,0.9991081490847264,0.5136652072201615,0.48544294186456494,0.8999992905455982
59,0.67386067,1535.53095025,0.153553095,0.6409294102870774,,,-0.0089890899999999,20.61402234999992,0.000436066763048,1034.7339149412016,-0.0004360667354291,0.9999998098458142,0.9995640283278512,1034.7337181822163,-0.0089890899999999,20.614022349999917,20.61402430992151,-20295.292302721464,0.6437271523035285,0.050545757924979,0.9776225267750028,0.5136644868046706,0.46395803997033225,0.8999992905455982
60,0.66963547,1544.38743208,0.154438743,0.6407684312572304,,,-0.0042252,8.85648183000012,0.0004770743146799,1034.176603942984,-0.0004770742785398,0.99999977240015,0.9995230395032988,1034.1763685645442,-0.0042252,8.85648183000012,8.856482837867262,-8124.988890955229,0.6389875419658608,0.0515340794988688,0.9904381067974836,0.513663742233372,0.4767743645641116,0.8999992905455982
61,0.6606047,1565.88588981,0.156588589,0.6395293207757348,,,-0.0090307699999999,21.498457729999927,0.0004200659467296,1034.4315784721682,-0.0004200659220415,0.9999998235446316,0.9995800222932952,1034.4313959411627,-0.0090307699999999,21.498457729999927,21.49845962675932,-21204.250206352208,0.6288572923092531,0.0539331573706197,0.976665375391268,0.5136629729438782,0.46300240244738977,0.8999992905455982
62,0.65939737,1568.51266335,0.156851266,0.6384543045860214,,,-0.00120733,2.626773539999931,0.0004596246997144,1034.2731250246852,-0.0004596246675234,0.99999978874518,0.9995404809437128,1034.2729065295025,-0.00120733,2.626773539999931,2.6267738174592608,-1682.528084449684,0.6275029720998012,0.0542262869687081,0.99722215064701,0.5136621783693949,0.48355997227761516,0.8999992905455982
63,0.65152315,1585.89639845,0.15858964,0.6369563277168032,,,-0.0078742199999999,17.383735100000195,0.0004529647946342,1033.2482170917992,-0.0004529647636809,0.999999794822937,0.9995471378093698,1033.2480050929646,-0.0078742199999999,17.383735100000195,17.383736883372325,-16928.46345071248,0.6186700802809361,0.0561661905064671,0.9811678668635008,0.5136613579392015,0.46750650892429924,0.8999992905455982
64,0.64021152,1611.65789333,0.161165789,0.6351800254108428,,,-0.01131163,25.76149487999988,0.0004390905905209,1031.8019496087973,-0.000439090562319,0.9999998071994904,0.999561005823834,1031.8017506768556,-0.01131163,25.761494879999876,25.7614973634149,-25548.95632895184,0.6059812801096137,0.0590409935777399,0.9720903104068972,0.5136605110791498,0.4584297993277474,0.8999992905455982
65,0.6397295,1612.89264576,0.161289265,0.6350335249232136,,,-0.00048202,1.2347524300000714,0.0003903778505701,1031.815005825722,-0.0003903778310557,0.9999998476051568,0.9996096983564554,1031.814848582436,-0.00048202,1.2347524300000714,1.2347525240850337,-242.22114009314367,0.6054405750601574,0.059178783333131,0.9987388235086324,0.5136596372121873,0.4850791862964451,0.8999992905455982
66,0.62777279,1644.09979296,0.164409979,0.6328433297109988,,,-0.0119567099999999,31.20714720000001,0.0003831401160442,1032.1211140649216,-0.0003831400973086,0.999999853203673,0.9996169332914854,1032.1209625533331,-0.0119567099999999,31.20714720000001,31.207149490547557,-31177.432208176368,0.5920281575839447,0.0626612832049017,0.966163409441958,0.5136587357589031,0.4525046736830549,0.8999992905455982
67,0.62315793,1655.34262398,0.165534262,0.6306630359812686,,,-0.0046148599999999,11.24283102000004,0.0004104713475974,1031.5398830001452,-0.0004104713245809,0.9999998315133012,0.999589612907248,1031.5397091993957,-0.0046148599999999,11.24283102000004,11.2428319671339,-10565.887908755578,0.5868514468571415,0.0639159046970415,0.987867789884992,0.5136578061380945,0.4742099837468975,0.8999992905455982
68,0.61770618,1668.85143295,0.166885143,0.6302678392136148,,,-0.0054517499999999,13.50880896999979,0.0004035699973035,1030.8598436350703,-0.0004035699754237,0.9999998371312836,0.9995965114479852,1030.8596757402509,-0.0054517499999999,13.50880896999979,13.508810070081111,-12894.8278927402,0.580735956310332,0.065423393516968,0.9854153681398238,0.5136568477673603,0.47175852037246346,0.8999992905455982
69,0.61370679,1679.88134362,0.167988134,0.63019879681829,,,-0.00399939,11.029910670000165,0.0003625949583177,1030.9545869739172,-0.0003625949424599,0.9999998685249136,0.9996374707871416,1030.9544514290735,-0.00399939,11.029910670000165,11.029911395079464,-10340.381800196365,0.5762496479253172,0.0666542545837533,0.9881052524594258,0.5136558600637119,0.47444939239571393,0.8999992905455982
70,0.61351799,1680.40543711,0.168040544,0.6293024763670916,,,-0.0001887999999999,0.5240934900000411,0.0003602410700421,1030.9589661607986,-0.0003602410551462,0.9999998702263876,0.9996398238238716,1030.958832369529,-0.0001887999999999,0.5240934900000411,0.5240935240067971,490.6399848070498,0.5760378618721714,0.0667127397602426,0.9995105413593512,0.5136548424442123,0.4858556989151389,0.8999992905455982
71,0.60754007,1695.725984,0.169572598,0.6275970963601558,,,-0.0059779199999999,15.320546889999832,0.0003901897264197,1030.2214830201788,-0.0003901897066433,0.9999998477520003,0.9996098864074604,1030.221326171019,-0.0059779199999999,15.320546889999832,15.320548056261272,-14753.334010017295,0.5693321410945159,0.0684224058901823,0.983458322940342,0.5136537943266349,0.46980452861370703,0.8999992905455982
72,0.60653965,1698.3207981,0.16983208,0.6256254234647507,,,-0.00100042,2.594814100000121,0.0003855459239312,1030.0989024672947,-0.0003855459049766,0.9999998513543626,0.9996145284082952,1030.0987493475868,-0.00100042,2.594814100000121,2.594814292854041,-1642.8162085106037,0.568209921797439,0.0687119690377717,0.9972639680698566,0.5136527151301473,0.4836112529397093,0.8999992905455982
73,0.60576557,1700.33469458,0.170033469,0.6234800063982022,,,-0.00077408,2.013896479999857,0.0003843693095961,1030.0042154530297,-0.0003843692908581,0.9999998522602556,0.9996157045695542,1030.00406328047,-0.00077408,2.013896479999857,2.0138966287661497,-1044.3176473755043,0.5673415989795412,0.0689367058324685,0.9978941993750312,0.5136516042760162,0.484242595099015,0.8999992905455982
74,0.59344444,1733.13026455,0.173313026,0.6207663275065473,,,-0.01232113,32.79556997000009,0.0003756949493756,1028.5165192929264,-0.000375694931711,0.9999998588533248,0.9996243756327926,1028.516374121239,-0.01232113,32.79556997000009,32.79557228449316,-32702.26671915667,0.5535203940378233,0.0725964626017503,0.9645577273126515,0.5136504611883368,0.45090726612431475,0.8999992905455982
75,0.59083612,1740.25624931,0.174025625,0.6206882977616096,,,-0.0026083199999999,7.1259847599999375,0.0003660294103174,1028.206250148073,-0.0003660293940222,0.9999998660224888,0.999634037586564,1028.2061123915585,-0.0026083199999999,7.1259847599999375,7.125985237360838,-6298.775465474865,0.5505945158697022,0.0733916727776083,0.9923611471277471,0.5136492852947836,0.47871186183296355,0.8999992905455982
76,0.58885426,1746.19043413,0.174619043,0.6178803864432789,,,-0.00198186,5.934184820000155,0.0003339734200705,1028.2516759086998,-0.0003339734077098,0.9999998884617672,0.9996660823552008,1028.251561219325,-0.00198186,5.934184820000155,5.934185150944427,-5073.583584803818,0.5483713680556792,0.0740538863962474,0.9936512993990908,0.5136480760273846,0.4800032233717062,0.8999992905455982
77,0.58605761,1753.95866257,0.175395866,0.6175365634510223,,,-0.0027966499999999,7.768228439999802,0.0003600112974587,1027.9208218245706,-0.0003600112819515,0.9999998703918824,0.999640053514334,1027.9206885976878,-0.0027966499999999,7.768228439999802,7.768228943412584,-6957.202556099464,0.5452342310560488,0.074920766485376,0.9916678098473708,0.5136468328233165,0.4780209770240543,0.8999992905455982
78,0.57984118,1771.50597147,0.177150597,0.6152087435939015,,,-0.00621643,17.54730890000019,0.0003542668585292,1027.192112874211,-0.0003542668437287,0.9999998744950086,0.9996457959013598,1027.1919839564737,-0.00621643,17.54730890000019,17.547310001137717,-16997.26418921145,0.5382609621240723,0.0768789237178375,0.9810954182695744,0.5136455551257221,0.4674498631438523,0.8999992905455982
79,0.57145948,1795.79535333,0.179579535,0.614980505453192,,,-0.0083816999999999,24.28938185999982,0.0003450767108016,1026.224278800378,-0.0003450766971188,0.9999998809220778,0.9996549828349968,1026.224156599723,-0.0083816999999999,24.28938185999982,24.289383306164517,-23900.12774109635,0.5288588055475248,0.0795894492481186,0.973826560851614,0.5136442423845494,0.4601823184670646,0.8999992905455982
80,0.55989788,1833.31737581,0.183331738,0.6130580033273743,,,-0.0115616,37.52202248000003,0.0003081283799628,1026.4705120831825,-0.0003081283702195,0.9999999050569104,0.9996919190964514,1026.4704146269007,-0.0115616,37.52202248000003,37.52202426122853,-37488.777386436974,0.5158896019879352,0.0837766451375005,0.9595174330480336,0.5136428940574115,0.4458745389906221,0.8999992905455982
81,0.55255211,1856.17996231,0.185617996,0.6102610881154353,,,-0.0073457699999999,22.86258650000013,0.0003213009166604,1025.6361547141112,-0.000321300905618,0.9999998967657316,0.99967875070599,1025.636048833313,-0.0073457699999999,22.86258650000013,22.862587680101424,-22423.05804549109,0.5076494979857273,0.0863279502614305,0.9753819456470753,0.5136415096104663,0.46174043603660897,0.8999992905455982
82,0.54951763,1866.53787627,0.186653788,0.6093248027033219,,,-0.00303448,10.357913959999903,0.0002929624643944,1025.6954700731235,-0.0002929624560413,0.999999914173002,0.9997070804532686,1025.6953820407605,-0.00303448,10.357913959999903,10.357914404494268,-9598.369590222484,0.5042455756205267,0.0874838211844065,0.9888866065911056,0.5136400885193159,0.47524651807178975,0.8999992905455982
83,0.54339158,1886.3184144,0.188631841,0.6072288323003578,,,-0.0061260499999999,19.780538129999968,0.0003097008766611,1025.0095435839107,-0.0003097008667751,0.9999999040853764,0.9996903470855878,1025.009445270506,-0.0061260499999999,19.780538129999968,19.780539078621477,-19250.229942858856,0.4973736902875084,0.0896911912160152,0.9787229989529072,0.5136386302699265,0.46508436868298064,0.8999992905455982
84,0.53953508,1899.93527667,0.189993528,0.6057668631184477,,,-0.0038565,13.616862269999956,0.0002832150258443,1025.0817314929704,-0.0002832150182928,0.9999999197892556,0.9997168250832946,1025.0816492704016,-0.0038565,13.616862269999956,13.61686281610932,-12933.314544155746,0.493047668497483,0.0912107380302525,0.9853748409036224,0.5136371343595653,0.4717377065440571,0.8999992905455982
85,0.53654218,1909.91491227,0.190991491,0.6035555910924029,,,-0.0029928999999999,9.979635600000163,0.0002999007298122,1024.7499106438545,-0.0002999007208512,0.9999999100595602,0.9997001442448749,1024.749818477397,-0.0029928999999999,9.979635600000163,9.9796360487866,-9201.88041098716,0.4896903884208937,0.0923243957277853,0.9893041178587066,0.513635600297755,0.47566851756095163,0.8999992905455982
86,0.53595654,1911.88119935,0.19118812,0.6024235471947857,,,-0.0005856399999999,1.9662870800000287,0.0002978405369484,1024.6852324946765,-0.0002978405282929,0.9999999112910224,0.999702203821794,1024.685141595897,-0.0005856399999999,1.9662870800000287,1.9662871672136928,-990.1401027586614,0.4890334478268031,0.0925438196456487,0.997951249444776,0.5136340276072469,0.4843172218375291,0.8999992905455982
87,0.53217075,1924.70009656,0.19247001,0.6023489401026381,,,-0.00378579,12.818897209999932,0.000295328836614,1024.2690939114077,-0.000295328828051,0.9999999127808856,0.9997047147772146,1024.2690045755646,-0.00378579,12.818897209999932,12.818897769026398,-12105.73065306103,0.4847867448493728,0.0939743191271927,0.9862463037770448,0.513632415825007,0.47261388795203785,0.8999992905455982
88,0.52477882,1950.28165805,0.195028166,0.5993030320082247,,,-0.00739193,25.581561490000013,0.0002889553869727,1023.4665071791223,-0.0002889553789419,0.9999999165047913,0.9997110863646428,1023.4664217245728,-0.00739193,25.581561490000013,25.58156255796899,-25158.40387160326,0.4764948609519678,0.0968290428876721,0.9725015701841424,0.5136307645032208,0.45887080568092165,0.8999992905455982
89,0.52068397,1965.75906902,0.196575907,0.5963513539757863,,,-0.0040948499999999,15.477410969999935,0.0002645694430207,1023.5392361208376,-0.0002645694368647,0.9999999300030148,0.9997354655585424,1023.5391644761768,-0.0040948499999999,15.477410969999935,15.47741151168602,-14818.197682448892,0.4719014704873275,0.0985562139543811,0.9833900201580306,0.5136290732103079,0.46976094694772264,0.8999992905455982
90,0.51684526,1980.48402097,0.198048402,0.593886170433186,,,-0.00383871,14.724951950000104,0.0002606942292765,1023.603778744085,-0.0002606942233885,0.9999999320385232,0.999739339754398,1023.6037091784608,-0.00383871,14.724951950000104,14.724952450364867,-14048.912236491484,0.4675954045971192,0.1001994158449308,0.9842000935686298,0.5136273415319533,0.4705727520366765,0.8999992905455982
91,0.5100228,2005.54694062,0.200554694,0.5906816638621661,,,-0.0068224599999999,25.06291964999992,0.0002722132973732,1022.874666186446,-0.0002722132906604,0.999999925899926,0.9997278237560158,1022.8745903913576,-0.0068224599999999,25.062919649999916,25.062920578582062,-24613.350030436897,0.4599423226260116,0.1029962627950207,0.9730755230990118,0.5136255690721472,0.4594499540268646,0.8999992905455982
92,0.49835901,2052.83548436,0.205283548,0.5894833482908305,,,-0.01166379,47.28854374000002,0.0002466514947866,1023.04905967852,-0.0002466514897899,0.999999939163044,0.999753378926188,1023.0489974393292,-0.01166379,47.28854374000002,47.28854517844562,-47355.44973773389,0.4468584876216604,0.1082733343086505,0.9491276239532664,0.5136237554542374,0.435503868499029,0.8999992905455982
93,0.49771579,2055.35152284,0.205535152,0.5849503777922335,,,-0.0006432199999999,2.516038480000134,0.0002556479182879,1022.9809069180136,-0.0002556479128201,0.9999999346441462,0.999744384762323,1022.9808400602228,-0.0006432199999999,2.516038480000134,2.51603856221906,-1550.878401942546,0.4461369567683531,0.1085541066467247,0.9973607804727442,0.5136219003219902,0.48373888015075406,0.8999992905455982
94,0.49035099,2086.4120467,0.208641205,0.5816536184848458,,,-0.0073648,31.06052385999965,0.0002371112616438,1023.0742126472712,-0.0002371112572078,0.9999999437782529,0.9997629168514446,1023.0741551282516,-0.0073648,31.06052385999965,31.060524733138145,-30754.14594406722,0.4378755058986061,0.1120202443768528,0.9666091385915584,0.5136200033406579,0.45298913525090045,0.8999992905455982
95,0.48147262,2125.08319368,0.212508319,0.5777075564644836,,,-0.0088783699999999,38.67114698000023,0.0002295864150179,1023.1693729790773,-0.00022958641099,0.9999999472900808,0.9997704399419532,1023.169319047902,-0.0088783699999999,38.67114698000023,38.67114799917679,-38543.962846070455,0.4279162106620167,0.1163356745421284,0.958406301037683,0.513618064198056,0.444788236839627,0.8999992905455982
96,0.46904838,2178.60723722,0.217860724,0.5747121608220745,,,-0.01242424,53.52404354000009,0.0002321244655307,1021.8721952743168,-0.000232124461366,0.9999999461182356,0.9997679024774324,1021.87214021404,-0.01242424,53.52404354000009,53.52404498198511,-53672.85825843963,0.4139793422672273,0.122308584323664,0.9424752627349312,0.5136160826056403,0.4288591801292909,0.8999992905455982
97,0.4580396,2231.16941956,0.223116942,0.5695972193759946,,,-0.0110087799999999,52.56218233999971,0.0002094429780061,1021.9639484674944,-0.0002094429749476,0.9999999561336408,0.9997905789567012,1021.9639036376568,-0.0110087799999999,52.56218233999971,52.56218349285553,-52694.69032243979,0.4016302635270237,0.1281741571069089,0.9435052937074632,0.5136140582995918,0.42989123540787133,0.8999992905455982
98,0.45536222,2244.3272828,0.224432728,0.5670447556745744,,,-0.00267738,13.157863240000095,0.00020348136707,1021.9818539023756,-0.0002034813642771,0.999999958595335,0.9997965393366516,1021.9818115875592,-0.00267738,13.157863240000095,13.157863512398563,-12425.11537743537,0.3986269174307762,0.1296424828321798,0.985909985087634,0.5136119910419019,0.47229799404573214,0.8999992905455982
99,0.45032334,2268.29530702,0.226829531,0.563622603049039,,,-0.0050388799999999,23.96802422000019,0.0002102334324072,1021.466318763572,-0.0002102334293186,0.9999999558019056,0.99978978866818,1021.4662736167072,-0.0050388799999999,23.96802422000019,23.9680247496707,-23461.06265338244,0.3929745630479621,0.132317147092191,0.974288905427283,0.5136098806214561,0.4606790248058269,0.8999992905455982
100,0.44684036,2285.18645099,0.228518645,0.5578568476449708,,,-0.00348298,16.89114397000003,0.0002062015459686,1021.113536427494,-0.0002062015430584,0.9999999574809242,0.9997938197150186,1021.11349301069,-0.00348298,16.89114397000003,16.89114432909796,-16226.661893822236,0.3890675366317238,0.134202080897021,0.9819068783497332,0.5136077268551185,0.46829915149461476,0.8999992905455982
101,0.43840467,2327.23603158,0.232723603,0.5548133475750349,,,-0.0084356899999999,42.049580590000005,0.0002006129402823,1020.2711444369396,-0.0002006129375958,0.9999999597544498,0.999799407183834,1020.271103375566,-0.0084356899999999,42.049580590000005,42.04958143615429,-41881.70174497028,0.3796048168718641,0.138894520679299,0.9548915932686356,0.5136055295888109,0.4412860636798247,0.8999992905455982
102,0.43093573,2365.87381352,0.236587381,0.5538233816517736,,,-0.0074689399999999,38.63778193999997,0.000193306645071,1019.5395589171252,-0.0001933066426682,0.9999999626325424,0.9998067120398568,1019.539520819524,-0.0074689399999999,38.63778193999997,38.63778266189783,-38373.2068998207,0.3712265471484382,0.1432062275389236,0.958586110564154,0.5136032886985884,0.4449828218655656,0.8999992905455982
103,0.41870355,2435.13466103,0.243513466,0.5535975481740002,,,-0.01223218,69.26084751000008,0.0001766103136127,1019.5995273013076,-0.000176610311779,0.9999999688087982,0.999823405282904,1019.599495498773,-0.01223218,69.26084751000008,69.26084859016464,-69598.72678484999,0.3575051217058055,0.150935254835988,0.925704995337128,0.5136010040917055,0.4121039912454225,0.8999992905455982
104,0.41095021,2481.12522871,0.248112523,0.5487119228053738,,,-0.0077533399999999,45.99056767999991,0.0001685854380789,1019.6189337746724,-0.0001685854364854,0.9999999715789508,0.9998314287732408,1019.6189047960328,-0.0077533399999999,45.99056767999991,45.990568333550016,-45873.234010405344,0.3488078268048656,0.1560674812782775,0.950688427626065,0.513598675707676,0.43708975191838895,0.8999992905455982
105,0.40888248,2493.18278126,0.249318278,0.5479954326920184,,,-0.0020677299999999,12.057552549999857,0.0001714883672498,1019.4187586948864,-0.0001714883655829,0.9999999705917408,0.9998285263377062,1019.4187287155552,-0.0020677299999999,12.057552549999857,12.057552727295674,-11272.276343964975,0.3464883544760987,0.1574130200082401,0.9871239483214672,0.5135963035193188,0.4735276448021484,0.8999992905455982
106,0.40803808,2498.14262864,0.249814263,0.5462596807734814,,,-0.0008443999999999,4.959847380000156,0.0001702471739825,1019.3373217564188,-0.000170247172372,0.9999999710159008,0.9998297673188554,1019.3372922118446,-0.0008443999999999,4.959847380000156,4.959847451878512,-4036.420179169815,0.3455411503273894,0.1579665043672607,0.9947434538155896,0.5135938875337933,0.4811495662817963,0.8999992905455982
107,0.403357,2526.02258043,0.252602258,0.5412806468799698,,,-0.00468108,27.879951789999723,0.0001679012946324,1018.8888899745036,-0.0001679012930607,0.999999971809156,0.9998321128015724,1018.888861251166,-0.00468108,27.879951789999723,27.879952182979416,-27387.68387020169,0.3402901574372425,0.1610777124476214,0.970154092455121,0.5135914277936171,0.45656266466150386,0.8999992905455982
108,0.39763851,2560.98997401,0.256098997,0.5355218954575054,,,-0.00571849,34.967393580000135,0.0001635377823272,1018.3482373902752,-0.0001635377808739,0.9999999732553946,0.9998364755907,1018.3482101549534,-0.00571849,34.967393580000135,34.96739404759472,-34590.6349319961,0.3338754517854747,0.1649798295773316,0.962569236711821,0.5135889243776687,0.44898031233415236,0.8999992905455982
109,0.39277289,2592.72744432,0.259272744,0.529865569539756,,,-0.00486562,31.73747030999993,0.0001533083750003,1018.3530512878804,-0.000153308373804,0.9999999764965428,0.9998467033773242,1018.3530273530628,-0.00486562,31.73747030999993,31.73747068297008,-31301.5963231786,0.3284174514893556,0.1685215098077149,0.9660326620728994,0.5135863774021685,0.4524462846707309,0.8999992905455982
110,0.38272551,2658.35984041,0.265835984,0.5289676279217831,,,-0.0100473799999999,65.63239608999993,0.000153085680219,1017.4221256844356,-0.0001530856790255,0.999999976564775,0.9998469260379892,1017.4221018409193,-0.0100473799999999,65.63239608999993,65.63239685905492,-65758.42905935609,0.3171468214329146,0.1758456272447432,0.9297489078959256,0.5135837870216408,0.4161651208742848,0.8999992905455982
111,0.37931205,2682.28260395,0.26822826,0.5199293888619418,,,-0.0034134599999999,23.92276354000024,0.0001426866922857,1017.4221131836126,-0.0001426866913233,0.9999999796405082,0.9998573234879384,1017.4220924694156,-0.0034134599999999,23.922763540000236,23.92276378352789,-23322.126293819085,0.3133177789489577,0.1785152407286842,0.974435208273956,0.5135811534298487,0.46085405484410735,0.8999992905455982
112,0.37016502,2746.33097894,0.274633098,0.5191915840398219,,,-0.00914703,64.04837498999996,0.0001428143961698,1016.5956617459448,-0.0001428143952011,0.9999999796040488,0.9998571958022892,1016.5956410115092,-0.00914703,64.04837498999996,64.04837564316374,-64094.70385169646,0.3030571148509372,0.1856625924638597,0.931500844787948,0.513578476860706,0.417922367927242,0.8999992905455982
113,0.36868558,2756.99389742,0.27569939,0.5179446788991187,,,-0.0014794399999999,10.662918479999917,0.0001387462543801,1016.4638941267532,-0.0001387462535028,0.9999999807494774,0.9998612633713134,1016.463874559292,-0.0014794399999999,10.662918479999917,10.662918582633296,-9822.007662054422,0.3013975557488926,0.1868524997630216,0.9886511110977996,0.5135757575891587,0.47507535350864083,0.8999992905455982
114,0.36681123,2771.07848128,0.277107848,0.5154715896112454,,,-0.00187435,14.08458385999984,0.0001330781241744,1016.4627061448488,-0.0001330781233983,0.9999999822902133,0.9998669307311024,1016.462688143511,-0.00187435,14.08458385999984,14.084583984717328,-13299.991410345308,0.2992950070798574,0.1884242410430574,0.9849887226153552,0.513572995932037,0.4714157266833182,0.8999992905455982
115,0.35938611,2828.29425114,0.282829425,0.5108209357777969,,,-0.00742512,57.21576986000037,0.0001297740119208,1016.4496688525676,-0.0001297740111945,0.9999999831587062,0.9998702344090882,1016.44965173424,-0.00742512,57.21576986000037,57.21577034179417,-57140.5001858887,0.2909658923609275,0.1948091217219525,0.9388237644027232,0.5135701922488736,0.4252535721538496,0.8999992905455982
116,0.35649022,2850.55008301,0.285055008,0.5087050245729435,,,-0.0028958899999999,22.25583186999984,0.0001301182547021,1016.1932262132532,-0.0001301182539737,0.9999999830692402,0.9998698902110392,1016.1932090083296,-0.0028958899999999,22.25583186999984,22.255832058403914,-21600.032189571604,0.2877174330736161,0.197292717262958,0.9762486088156292,0.5135673469426878,0.46268126187294145,0.8999992905455982
117,0.34724506,2924.12527301,0.292412527,0.5071843249320223,,,-0.00924516,73.57519000000002,0.0001256559446176,1015.3880558738738,-0.000125655943958,0.999999984210584,0.9998743519504194,1015.3880398414892,-0.00924516,73.57519000000002,73.57519058085468,-73691.98050501655,0.2773466918283753,0.2055031950774923,0.921394714908754,0.5135644604607313,0.4078302544480227,0.8999992905455982
118,0.34458867,2946.00653448,0.294600653,0.5048505721994068,,,-0.00265639,21.881261470000027,0.0001214002219899,1015.1604735277724,-0.0001214002213991,0.9999999852619864,0.9998786071473096,1015.1604585663234,-0.00265639,21.881261470000027,21.88126163124319,-21197.83113301621,0.2743668912260661,0.2079449911755174,0.9766721348076296,0.5135615332951954,0.4631106015124342,0.8999992905455982
119,0.33844768,2999.39928925,0.299939929,0.4953891955218505,,,-0.00614099,53.39275477000001,0.0001150154178472,1015.1397308403114,-0.0001150154173421,0.9999999867714536,0.9998849911966772,1015.1397174114884,-0.00614099,53.39275477000001,53.392755123154274,-53185.96663012814,0.2674782469754949,0.2139032500464215,0.9429879696423752,0.5135585659838737,0.42942940365850146,0.8999992905455982
120,0.33610606,3019.70310911,0.301970311,0.4905476367153215,,,-0.0023416199999999,20.30381985999975,0.0001153290373944,1014.940514372712,-0.0001153290368888,0.9999999866992132,0.9998846776132488,1014.9405008732048,-0.0023416199999999,20.30381985999975,20.30381999502814,-19592.22873452005,0.2648515390424055,0.2161690146677678,0.9783628671851248,0.5135555591107842,0.46480730807434056,0.8999992905455982
121,0.33038234,3071.93483977,0.307193484,0.4820150182948896,,,-0.0057237199999999,52.23173066000027,0.0001095831964127,1014.9130206907377,-0.0001095831959761,0.9999999879915232,0.999890422808043,1014.9130085031782,-0.0057237199999999,52.23173066000027,52.23173097361203,-51995.75021325404,0.2584309666477461,0.2219977113493348,0.944241292030359,0.5135525133067421,0.4306887787236169,0.8999992905455982
122,0.32408318,3131.52218058,0.313152218,0.4819101742804589,,,-0.0062991599999999,59.587340810000114,0.0001057130577445,1014.8736665229007,-0.0001057130573525,0.9999999888247496,0.9998942925300758,1014.8736551814332,-0.0062991599999999,59.587340810000114,59.58734114295184,-59458.7490531091,0.2513648954902572,0.2286472427980147,0.936382600623588,0.513549429249885,0.422833171373703,0.8999992905455982
123,0.31624452,3208.94531371,0.320894531,0.4776323872683664,,,-0.00783866,77.42313312999977,0.0001012444173079,1014.8113704404684,-0.0001012444169632,0.999999989749568,0.9998987607080796,1014.8113600382134,-0.00783866,77.42313312999977,77.42313352681005,-77555.06407272408,0.2425718930360628,0.2372871242158622,0.917326808389051,0.5135463076661467,0.4037805007229043,0.8999992905455982
124,0.31136725,3259.06205901,0.325906206,0.4678541597038655,,,-0.0048772699999999,50.11674530000028,9.731817121617122e-05,1014.7651908932814,-9.73181709108852e-05,0.9999999905291737,0.9999026865643488,1014.7651812826164,-0.0048772699999999,50.11674530000028,50.11674553732377,-49841.963189194495,0.2371008243738466,0.2428798032890975,0.946509274103142,0.513543149329679,0.43296612477346297,0.8999992905455982
125,0.30317365,3346.84337805,0.334684338,0.4594881341808601,,,-0.0081935999999999,87.78131903999974,9.334104442168394e-05,1014.6747229017484,-9.334104415166775e-05,0.9999999912874497,0.999906663311988,1014.6747140613436,-0.0081935999999999,87.78131903999974,87.78131942239933,-88054.81047078916,0.2279096686267309,0.2526755859776434,0.9062703592909896,0.5135399550632175,0.39273040422777217,0.8999992905455982
126,0.29514324,3437.55274523,0.343755275,0.4442981960960108,,,-0.00803041,90.70936717999984,8.852900477164951e-05,1014.5704548980766,-8.852900454134686e-05,0.9999999921626151,0.9999114749140352,1014.5704469464976,-0.00803041,90.70936717999984,90.70936753546196,-91016.47311574125,0.2189015709623103,0.262798118407418,0.9031516675590088,0.51353672573839,0.38961494182061873,0.8999992905455982
127,0.28992915,3497.86016898,0.349786017,0.4361733465849782,,,-0.0052140899999999,60.30742375,8.645851000911792e-05,1014.1316256112278,-8.645850979512363e-05,0.999999992524926,0.999913545227634,1014.131618030519,-0.0052140899999999,60.30742375,60.30742397540122,-60145.53383739563,0.2130526750838835,0.2695280060876415,0.9356594021080328,0.5135334622759671,0.4221259398320657,0.8999992905455982
128,0.28714027,3531.69482354,0.353169482,0.4229700315966133,,,-0.00278888,33.83465456000022,8.242673188733169e-05,1014.091805188878,-8.242673170309422e-05,0.999999993205834,0.9999175766652866,1014.0917982989698,-0.00278888,33.83465456000022,33.83465467493935,-33297.354005834924,0.2099242540674784,0.2733037174466921,0.9639310881497024,0.5135301656460495,0.45040092250365293,0.8999992905455982
129,0.28136819,3602.44570134,0.36024457,0.4191974859464684,,,-0.0057720799999999,70.75087780000013,8.158315740244234e-05,1013.6136265593163,-8.158315722259475e-05,0.9999999933441884,0.9999184201705926,1013.6136198128952,-0.0057720799999999,70.75087780000013,70.75087803545237,-70700.43997064265,0.2034494339316637,0.2811990217270579,0.9245448686733426,0.5135268368681952,0.4110180318051474,0.8999992905455982
130,0.27298308,3712.62065546,0.371262066,0.4026706501069699,,,-0.00838511,110.17495411999973,7.61072247944036e-05,1013.4826213990896,-7.610722464814886e-05,0.9999999942076904,0.9999238956714332,1013.4826155286844,-0.00838511,110.17495411999973,110.17495443908344,-110646.91837514724,0.1940434521938808,0.2934937778332886,0.882480404601372,0.5135234770114794,0.3689569275898926,0.8999992905455982
131,0.2636731,3840.84770998,0.384084771,0.3923044930318854,,,-0.0093099799999999,128.22705452000037,7.260542663775574e-05,1012.7282223183277,-7.260542651074095e-05,0.999999994728452,0.9999273972091994,1012.7282169796824,-0.0093099799999999,128.22705452000037,128.22705485797792,-128846.42841789624,0.1835999992327242,0.3078030223810709,0.8633159458831697,0.5135200871944889,0.3497958586886808,0.8999992905455982
132,0.25886461,3910.7188323,0.391071883,0.3876657206837797,,,-0.0048084899999999,69.87112231999981,6.881941838445041e-05,1012.3467053429948,-6.881941827678987e-05,0.9999999952638876,0.999931182949725,1012.3467005484072,-0.0048084899999999,69.87112231999981,69.87112248545856,-69721.45361121919,0.1782060844091487,0.3156001520885846,0.9255757614625872,0.5135166685852486,0.41205909287733866,0.8999992905455982
133,0.25529506,3964.30360567,0.396430361,0.3795159339853378,,,-0.0035695499999999,53.584773369999766,6.661500600713238e-05,1012.067126867739,-6.661500590983955e-05,0.999999995562441,0.9999333872128204,1012.0671223766316,-0.0035695499999999,53.584773369999766,53.584773488892566,-53219.32038573048,0.1742019482544527,0.3215798388953904,0.9429528474511276,0.5135132224010783,0.4294396250500493,0.8999992905455982
134,0.24593531,4114.50048448,0.411450048,0.3763355322473596,,,-0.00935975,150.19687880999982,6.231654128963537e-05,1011.9009521457388,-6.231654120938458e-05,0.9999999961166486,0.999937685400426,1011.9009482161716,-0.00935975,150.19687880999982,150.19687910163344,-150972.4634338364,0.1637026658872311,0.3383407625339403,0.8400167755393272,0.5135097499083779,0.32650702563094924,0.8999992905455982
135,0.23510326,4300.54080301,0.43005408,0.3742314413899467,,,-0.0108320499999999,186.0403185300001,5.822420691133693e-05,1011.0711625506688,-5.822420684585541e-05,0.9999999966099418,0.9999417774881504,1011.0711591230786,-0.0108320499999999,186.04031853000012,186.0403188453439,-187088.9296594659,0.1515518336998477,0.3591015639385912,0.801985393133833,0.5135062524223403,0.2884791407114927,0.8999992905455982
136,0.22532728,4483.90659308,0.448390659,0.3538706234349557,,,-0.00977598,183.36579007,5.331408871968276e-05,1010.3464763927832,-5.331408866946033e-05,0.999999997157608,0.9999466873325014,1010.3464735209824,-0.00977598,183.36579007,183.3657903305987,-184252.63315138727,0.1405856460948037,0.3795639066293037,0.8049720717429811,0.5135027313065913,0.29146934043638983,0.8999992905455982
137,0.21964494,4598.03810477,0.45980381,0.3479665833797354,,,-0.0056823399999999,114.13151169000048,4.978765211998892e-05,1009.9358036399204,-4.97876520792871e-05,0.9999999975211896,0.9999502135873052,1009.9358011364812,-0.0056823399999999,114.13151169000048,114.13151183145568,-114255.56403528248,0.134211491639123,0.3923001869524671,0.8786804264360348,0.513499187972754,0.3651812384632809,0.8999992905455982
138,0.21701795,4653.46473637,0.465346474,0.3394643836740737,,,-0.00262699,55.42663159999938,4.7395808190383645e-05,1009.8853774843076,-4.739580815574936e-05,0.9999999977536372,0.9999526053150078,1009.8853752157388,-0.00262699,55.42663159999938,55.42663166225354,-54964.65933796373,0.1312646704328015,0.39848541228571,0.941114969606022,0.5134956238799367,0.4276193457260853,0.8999992905455982
139,0.21329521,4733.44198634,0.473344199,0.3114510129162151,,,-0.0037227399999999,79.97724997000023,4.654748695847682e-05,1009.6205024992074,-4.654748692544118e-05,0.9999999978333314,0.999953453596392,1009.6205003116944,-0.0037227399999999,79.97724997000023,79.97725005664233,-79737.05071542902,0.1270886936770388,0.4074103153209064,0.9150291315373356,0.5134920405341469,0.4015370910031887,0.8999992905455982
140,0.20832333,4844.73811206,0.484473811,0.2986091426322009,,,-0.00497188,111.29612572000042,4.467253435634975e-05,1009.2719764822524,-4.467253432703444e-05,0.9999999980043648,0.9999553284634758,1009.2719744681136,-0.00497188,111.29612572000042,111.29612583105366,-111318.78869369104,0.1215114964211354,0.4198301863544393,0.8817729113252633,0.5134884394876239,0.36828447183763935,0.8999992905455982
141,0.19582518,5152.60290994,0.515260291,0.2678848065241606,,,-0.01249815,307.86479788,4.0596229533299765e-05,1009.0093923075244,-4.059622951113003e-05,0.999999998351946,0.9999594045945046,1009.0093906446224,-0.01249815,307.86479788,307.86479813368885,-309629.4629751585,0.1074917196196299,0.4541857495934852,0.6729476890132913,0.5134848223380962,0.15946286667519505,0.8999992905455982
142,0.1906387,5292.15439182,0.529215439,0.2448187472710723,,,-0.0051864799999999,139.5514818799993,3.716535238531323e-05,1008.8894334558552,-3.716535236846783e-05,0.9999999986187368,0.9999628353382548,1008.8894320623132,-0.0051864799999999,139.5514818799993,139.55148197637797,-139783.12596253978,0.1016737952079793,0.469758721215592,0.8517993782329714,0.5134811907279602,0.3383181875050112,0.8999992905455982
143,0.18817892,5361.01642637,0.536101643,0.216022802178461,,,-0.0024597799999999,68.86203455000032,3.5720408437514906e-05,1008.830281216566,-3.572040842284118e-05,0.9999999987240524,0.9999642802295432,1008.8302799293516,-0.0024597799999999,68.86203455000032,68.86203459393249,-68461.27535597226,0.0989145415119677,0.4774432437691385,0.926902755106566,0.5134775463433779,0.413425208763188,0.8999992905455982
144,0.18026332,5593.41515782,0.559341516,0.2156520488464407,,,-0.0079155999999999,232.39873145,3.406042688175755e-05,1008.2875864869573,-3.40604268687328e-05,0.9999999988398872,0.999965940153181,1008.28758531723,-0.0079155999999999,232.39873145,232.39873158480435,-233316.4683151122,0.0900352317541239,0.5033773205781299,0.7533068433196198,0.5134738909132988,0.23983295240632108,0.8999992905455982
145,0.17470715,5769.17250406,0.57691725,0.2058678010576132,,,-0.0055561699999999,175.75734624000052,3.16127326614349e-05,1007.9156860426862,-3.161273265108388e-05,0.9999999990006352,0.999968387767026,1007.9156850354108,-0.0055561699999999,175.75734624000052,175.75734632782337,-176140.67043897862,0.0838026082641498,0.5229906140272523,0.8135141354666959,0.5134702262083991,0.3000439092582968,0.8999992905455982
146,0.17036995,5914.36755857,0.591436756,0.1594224961418349,,,-0.0043372,145.19505450999986,2.987154083592724e-05,1007.6305052351928,-2.9871540827248087e-05,0.9999999991076912,0.9999701289053228,1007.6305043360752,-0.0043372,145.19505450999986,145.1950545747793,-145295.33556395277,0.0789373621322431,0.5391933689754143,0.8459949080519488,0.5134665540399457,0.3325283540120031,0.8999992905455982
147,0.16107727,6251.87340658,0.625187341,0.1590922157677328,,,-0.0092926799999999,337.5058480099997,2.753338958351068e-05,1007.0347007175064,-2.7533389576634687e-05,0.9999999992419124,0.9999724669894636,1007.034699954086,-0.0092926799999999,337.5058480099997,337.50584813792915,-338873.0658123747,0.0685133154143038,0.5768566665810565,0.642153573236058,0.5134628762585781,0.12869069697747992,0.8999992905455982
148,0.15382132,6543.8511823,0.654385118,0.1491925905489832,,,-0.0072559499999999,291.97777571999995,2.485103526144204e-05,1006.5838267449468,-2.4851035256411363e-05,0.999999999382426,0.999975149273528,1006.5838261233068,-0.0072559499999999,291.97777571999995,291.9777758101589,-292893.5228918396,0.060373966832083,0.609439349002755,0.6905709784361214,0.5134591947530145,0.17711178368310687,0.8999992905455982
149,0.14524601,6926.64379794,0.69266438,0.1120985885713169,,,-0.00857531,382.7926156399999,2.240197341748701e-05,1006.0673743420311,-2.240197341379807e-05,0.9999999994981515,0.9999775982775084,1006.067373837138,-0.00857531,382.7926156399999,382.7926157360519,-384109.0942639813,0.0507546285937263,0.6521563338760494,0.594519104077278,0.5134555114486791,0.08106359262859897,0.8999992905455982
150,0.14365435,7003.11732476,0.700311732,0.0669650439089696,,,-0.00159166,76.47352682000019,2.0813215581459767e-05,1006.0282672621366,-2.081321557872657e-05,0.99999999956681,0.9999791870010148,1006.0282668263352,-0.00159166,76.47352682000019,76.47352683656396,-75928.50139465934,0.0489691869128468,0.6606902458558187,0.9190396123724064,0.5134518283062529,0.4055877840661535,0.8999992905455982
151,0.1327803,7571.89693492,0.757189693,0.03295518129375,,,-0.0108740499999999,568.7796101599997,1.91182134621914e-05,1005.398746587758,-1.911821345989573e-05,0.999999999634494,0.999980881969292,1005.3987462202788,-0.0108740499999999,568.7796101599997,568.7796102639459,-570844.9082888097,0.0367712413026237,0.7241620815463298,0.3978824478880349,0.5134481473201483,-0.11556569943211342,0.8999992905455982
152,0.12849497,7822.55051108,0.782255051,0.0330516416718049,,,-0.00428533,250.6535761600008,1.7096624215915573e-05,1005.1583932447091,-1.7096624214318032e-05,0.9999999997077054,0.999982903521932,1005.1583929509068,-0.00428533,250.65357616000077,250.65357619663308,-250941.38744425445,0.031964180247924,0.7521332716471689,0.7347474406615975,0.5134444705169098,0.2213029701446877,0.8999992905455982
153,0.1265209,7944.21427309,0.794421427,0.0330461168168653,,,-0.0019740699999999,121.66376200999912,1.6225620245258624e-05,1005.1091396241924,-1.6225620243968078e-05,0.9999999997367292,0.9999837745113906,1005.1091393595766,-0.0019740699999999,121.66376200999912,121.66376202601435,-121280.25000185608,0.0297497708520896,0.7657100985478658,0.8712832875076508,0.5134407999535399,0.35784248755411097,0.8999992905455982
154,0.115416,8703.3587025,0.87033587,0.0330422589898866,,,-0.0111048999999999,759.1444294100002,1.4628178209271695e-05,1004.50684800774,-1.4628178208247568e-05,0.9999999997860164,0.999985371928783,1004.506847792792,-0.0111048999999999,759.1444294100002,759.1444294912224,-761561.2710398925,0.0172928696784729,0.850425319748084,0.1970541919490785,0.5134371377157536,-0.31638294576667514,0.8999992905455982
155,0.10407269,9649.07916077,0.964907916,0.03296210992615,,,-0.01134331,945.7204582699997,1.19943582702422e-05,1004.2056242842764,-1.1994358269679697e-05,0.9999999998561352,0.9999880057136624,1004.2056241398068,-0.01134331,945.7204582699997,945.7204583380276,-948693.5975029832,0.0045685325253515,0.9559611238877268,0.0,0.5134334859161631,-0.5134334859161631,0.8999992905455982
156,0.10051679,9989.42388491,0.998942388,0.0328578475580273,,,-0.0035559,340.34472414000084,1.0447936306269384e-05,1004.1048228604826,-1.044793630591992e-05,0.9999999998908408,0.9999895521182736,1004.1048227508752,-0.0035559,340.34472414000084,340.34472415857675,-340737.67410269234,0.0005797082330784,0.9939412202605024,0.6401901023227492,0.5134298466923927,0.12676025563035653,0.8999992905455982
157,0.1,10040.28728561,1.00402873,0.0327952035882488,,,-0.0005167899999999,50.86340070000006,1.0160350917901333e-05,1004.028728561,-1.0160350917751464e-05,0.9999999998967672,0.9999898397006984,1004.0287284573512,-0.0005167899999999,50.86340070000006,50.86340070262544,-50064.28680401642,0.0,0.9996172208664011,0.946275162760126,0.5134262222051269,0.4328489405549991,0.8999992905455982
158,0.1,10040.3734184,1.00403734,0.0327407763810496,,,0.0,0.0861327900001924,0.0,1004.03734184,0.0,1.0,1.0,1004.03734184,0.0,0.0861327900001924,0.0861327900001924,917.5568043229438,0.0,0.999626832684752,0.9999600935585314,0.5134226146360966,0.4865374789224348,0.8999992905455982
159,0.1,10039.94565573,1.00399457,0.0326973204277888,,,0.0,-0.4277626700004475,0.0,1003.994565573,3.141592653589793,1.0,0.0432139182637722,1003.994565573,0.0,-0.4277626700004475,0.4277626700004475,574.5231695375542,0.0,0.999579097355602,0.9995988720796368,0.5134190261859991,0.4861798458936377,0.8999992905455982
160,0.1,10039.37449491,1.00393745,0.0326222242547984,,,0.0,-0.5711608199999318,0.0,1003.937449491,3.141592653589793,1.0,0.0432139182637722,1003.937449491,0.0,-0.5711608199999318,0.5711608199999318,430.5277126110803,0.0,0.9995153597935088,0.9994472418992972,0.5134154590723615,0.4860317828269357,0.8999992905455982
161,0.1,10038.86028358,1.00388603,0.0325999482613516,,,0.0,-0.5142113300007622,0.0,1003.886028358,3.141592653589793,1.0,0.0432139182637722,1003.886028358,0.0,-0.5142113300007622,0.5142113300007622,487.67645854684986,0.0,0.99945797739712,0.9995074207051942,0.5134119155273451,0.48609550517784905,0.8999992905455982
162,0.1,10039.77979395,1.00397798,0.032573114972477,,,0.0,0.9195103700003529,0.0,1003.977979395,0.0,1.0,1.0,1003.977979395,0.0,0.9195103700003529,0.9195103700003529,80.80981608929692,0.0,0.9995605883382964,0.9990789817551964,0.5134083977954972,0.4856705839596992,0.8999992905455982
163,0.1,10038.81557862,1.00388156,0.0325023020199179,,,0.0,-0.964215329999206,0.0,1003.881557862,3.141592653589793,1.0,0.0432139182637722,1003.881557862,0.0,-0.964215329999206,0.964215329999206,35.923570267974654,0.0,0.9994529886355245,0.9990317156143476,0.5134049081314493,0.4856268074828982,0.8999992905455982
164,0.1,10037.6469638,1.0037647,0.0325042790098762,,,0.0,-1.1686148200005846,0.0,1003.76469638,3.141592653589793,1.0,0.0432139182637722,1003.76469638,0.0,-1.1686148200005846,1.1686148200005846,-169.24960360305514,0.0,0.9993225793759172,0.9988156640387008,0.5134014487975698,0.48541421524113104,0.8999992905455982
165,0.1,10037.27349345,1.00372735,0.0325942034048112,,,0.0,-0.3734703499994793,0.0,1003.727349345,3.141592653589793,1.0,0.0432139182637722,1003.727349345,0.0,-0.3734703499994793,0.3734703499994793,628.8649448810731,0.0,0.9992809026908408,0.9996560950877176,0.5133980220615684,0.4862580730261492,0.8999992905455982
166,0.1,10038.19243571,1.00381924,0.0325645813371423,,,0.0,0.9189422599993122,0.0,1003.819243571,0.0,1.0,1.0,1003.819243571,0.0,0.9189422599993122,0.9189422599993122,81.36731925306519,0.0,0.9993834502349052,0.999079568817504,0.5133946301940618,0.4856849386234422,0.8999992905455982
167,0.1,10039.12842057,1.00391284,0.0325716302783724,,,0.0,0.9359848599997348,0.0,1003.912842057,0.0,1.0,1.0,1003.912842057,0.0,0.9359848599997348,0.9359848599997348,64.26562113234287,0.0,0.9994878996142104,0.9990615603773386,0.5133912754661005,0.4856702849112381,0.8999992905455982
168,0.1,10040.29888681,1.00402989,0.0325967061364103,,,0.0,1.1704662400006782,0.0,1004.029888681,0.0,1.0,1.0,1004.029888681,0.0,1.1704662400006782,1.1704662400006782,-171.1531999717496,0.0,0.9996185154793708,0.9988136595125384,0.513387960146659,0.4854256993658794,0.8999992905455982
169,0.1,10041.24719993,1.00412472,0.0326510991608385,,,0.0,0.9483131199995114,0.0,1004.124719993,0.0,1.0,1.0,1004.124719993,0.0,0.9483131199995114,0.9483131199995114,51.90007390780241,0.0,0.9997243406064684,0.999048539201562,0.5133846865000987,0.4856638527014633,0.8999992905455982
170,0.1,10041.90493364,1.00419049,0.0326421714924842,,,0.0,0.6577337100006844,0.0,1004.190493364,0.0,1.0,1.0,1004.190493364,0.0,0.6577337100006844,0.6577337100006844,343.7005546162786,0.0,0.9997977390990016,0.9993558111145616,0.5133814567836024,0.48597435433095926,0.8999992905455982
171,0.1,10040.8658491,1.00408658,0.0326872108798107,,,0.0,-1.0390845399997488,0.0,1004.08658491,3.141592653589793,1.0,0.0432139182637722,1004.08658491,0.0,-1.0390845399997488,1.0390845399997488,-39.24426229112608,0.0,0.9996817845148124,0.9989525623393072,0.5133782732445853,0.4855742890947219,0.8999992905455982
172,0.1,10040.77325531,1.00407733,0.0326664503771556,,,0.0,-0.0925937900010467,0.0,1004.077325531,3.141592653589793,1.0,0.0432139182637722,1004.077325531,0.0,-0.0925937900010467,0.0925937900010467,911.10600050597,0.0,0.9996714516939448,0.99995330072932,0.5133751381180883,0.48657816261123166,0.8999992905455982
173,0.1,10042.26060863,1.00422606,0.0326531605928374,,,0.0,1.4873533200006932,0.0,1004.226060863,0.0,1.0,1.0,1004.226060863,0.0,1.4873533200006932,1.4873533200006932,-489.41290479280127,0.0,0.9998374299460736,0.998478525491876,0.5133720536241577,0.48510647186771827,0.8999992905455982
174,0.1,10042.74097979,1.0042741,0.0327515184871354,,,0.0,0.4803711599997768,0.0,1004.274097979,0.0,1.0,1.0,1004.274097979,0.0,0.4803711599997768,0.4803711599997768,521.8497845750982,0.0,0.9998910360156184,0.9995434059209716,0.5133690219652131,0.4861743839557585,0.8999992905455982
175,0.1,10041.69541651,1.00416954,0.0328499019983006,,,0.0,-1.0455632800003514,0.0,1004.169541651,3.141592653589793,1.0,0.0432139182637722,1004.169541651,0.0,-1.0455632800003514,1.0455632800003514,-45.75325799406901,0.0,0.9997743584492522,0.998945708232842,0.5133660453234099,0.4855796629094321,0.8999992905455982
176,0.1,10043.03303302,1.0043033,0.0328663680005564,,,0.0,1.3376165099998616,0.0,1004.303303302,0.0,1.0,1.0,1004.303303302,0.0,1.3376165099998616,1.3376165099998616,-339.06937624215374,0.0,0.9999236271182111,0.9986368403223134,0.5133631258580018,0.48527371446431156,0.8999992905455982
177,0.1,10041.6640113,1.0041664,0.0327626505298808,,,0.0,-1.3690217200000916,0.0,1004.16640113,3.141592653589793,1.0,0.0432139182637722,1004.16640113,0.0,-1.3690217200000916,1.3690217200000916,-370.55921251129456,0.0,0.999770853846954,0.9986036808764928,0.5133602657027053,0.48524341517378744,0.8999992905455982
178,0.1,10041.44656944,1.00414466,0.0328349328377515,,,0.0,-0.2174418599988712,0.0,1004.144656944,3.141592653589793,1.0,0.0432139182637722,1004.144656944,0.0,-0.2174418599988712,0.2174418599988712,785.8015750301681,0.0,0.9997465888526336,0.9998213525898594,0.5133574669630717,0.48646388562678766,0.8999992905455982
179,0.1,10042.41620876,1.00424162,0.0329120428881515,,,0.0,0.96963931999926,0.0,1004.241620876,0.0,1.0,1.0,1004.241620876,0.0,0.96963931999926,0.96963931999926,30.4894584948408,0.0,0.9998547938348424,0.9990259933827872,0.5133547317138726,0.4856712616689146,0.8999992905455982
180,0.1,10043.42133806,1.00434213,0.032999247079885,,,0.0,1.0051292999996804,0.0,1004.342133806,0.0,1.0,1.0,1004.342133806,0.0,1.0051292999996804,1.0051292999996804,-5.151572106610098,0.0,0.9999669592511788,0.9989884626438812,0.5133520619965009,0.48563640064738034,0.8999992905455982
181,0.1,10043.19222955,1.00431922,0.032901096495329,,,0.0,-0.2291085099986958,0.0,1004.319222955,3.141592653589793,1.0,0.0432139182637722,1004.319222955,0.0,-0.2291085099986958,0.2291085099986958,774.221142220732,0.0,0.9999413923401254,0.9998091581557238,0.5133494598163946,0.4864596983393292,0.8999992905455982
182,0.1,10041.75324007,1.00417532,0.0328082884369091,,,0.0,-1.4389894800006005,0.0,1004.175324007,3.141592653589793,1.0,0.0432139182637722,1004.175324007,0.0,-1.4389894800006005,1.4389894800006005,-440.82240331526737,0.0,0.9997808111550698,0.9985296922901842,0.5133469271404866,0.4851827651496976,0.8999992905455982
183,0.1,10043.03903805,1.0043039,0.0327947001459648,,,0.0,1.285797979999188,0.0,1004.303903805,0.0,1.0,1.0,1004.303903805,0.0,1.285797979999188,1.285797979999188,-287.02802701276795,0.0,0.9999242972376576,0.998691640934341,0.5133444658946839,0.4853471750396572,0.8999992905455982
184,0.1,10043.71742063,1.00437174,0.0327483891106235,,,0.0,0.6783825800011982,0.0,1004.371742063,0.0,1.0,1.0,1004.371742063,0.0,0.6783825800011982,0.6783825800011982,323.0234484020041,0.0,1.0,0.9993340376960728,0.5133420779613833,0.48599195973468945,0.8999992905455982
185,0.1,10043.10067707,1.00431007,0.0327787405288756,,,0.0,-0.6167435600000317,0.0,1004.310067707,3.141592653589793,1.0,0.0432139182637722,1004.310067707,0.0,-0.6167435600000317,0.6167435600000317,384.9083012055119,0.0,0.999931175722188,0.9993992037199956,0.5133397651770313,0.4860594385429643,0.8999992905455982
186,0.1,10041.85278839,1.00418528,0.0326711678658845,,,0.0,-1.24788867999996,0.0,1004.185278839,3.141592653589793,1.0,0.0432139182637722,1004.185278839,0.0,-1.24788867999996,1.24788867999996,-248.92616324679148,0.0,0.9997919200529582,0.9987317629812266,0.5133375293297141,0.48539423365151246,0.8999992905455982
187,0.1,10040.89966183,1.00408997,0.0327577807005911,,,0.0,-0.9531265599998732,0.0,1004.089966183,3.141592653589793,1.0,0.0432139182637722,1004.089966183,0.0,-0.9531265599998732,0.9531265599998732,47.06515078460812,0.0,0.9996855577795436,0.9990434479279848,0.5133353721568158,0.48570807577116903,0.8999992905455982
188,0.1,10042.37868599,1.00423787,0.0327299703421529,,,0.0,1.4790241599985166,0.0,1004.237868599,0.0,1.0,1.0,1004.237868599,0.0,1.4790241599985166,1.4790241599985166,-481.0542014443366,0.0,0.9998506065555348,0.9984873273785688,0.5133332953427431,0.48515403203582574,0.8999992905455982
189,0.1,10041.67359737,1.00416736,0.0327108251226723,,,0.0,-0.7050886199995148,0.0,1004.167359737,3.141592653589793,1.0,0.0432139182637722,1004.167359737,0.0,-0.7050886199995148,0.7050886199995148,296.1403818114824,0.0,0.9997719235854768,0.9993057292735557,0.5133313005165927,0.48597442875696295,0.8999992905455982
190,0.1,10042.08668353,1.00420867,0.0326376908289443,,,0.0,0.4130861600006028,0.0,1004.208668353,0.0,1.0,1.0,1004.208668353,0.0,0.4130861600006028,0.4130861600006028,589.3839657037404,0.0,0.9998180211185198,0.9996145208039144,0.5133293892501066,0.4862851315538078,0.8999992905455982
191,0.1,10041.21671409,1.00412167,0.032637650445692,,,0.0,-0.8699694400002045,0.0,1004.121671409,3.141592653589793,1.0,0.0432139182637722,1004.121671409,0.0,-0.8699694400002045,0.8699694400002045,130.56650324124294,0.0,0.9997209385994472,0.9991313765710256,0.5133275630556517,0.48580381351537383,0.8999992905455982
192,0.1,10040.34669635,1.00403467,0.03257905435162,,,0.0,-0.8700177400005487,0.0,1004.034669635,3.141592653589793,1.0,0.0432139182637722,1004.034669635,0.0,-0.8700177400005487,0.8700177400005487,130.5066954769598,0.0,0.9996238506904316,0.9991313135922189,0.5133258233833703,0.48580549020884856,0.8999992905455982
193,0.1,10041.41325698,1.00414133,0.0324953010360555,,,0.0,1.066560630000822,0.0,1004.141325698,0.0,1.0,1.0,1004.141325698,0.0,1.066560630000822,1.066560630000822,-66.8362792483196,0.0,0.9997428714145437,0.99892350737746,0.513324171620796,0.48559933575666403,0.8999992905455982
194,0.1,10040.91048445,1.00409105,0.0324457599035521,,,0.0,-0.5027725300005841,0.0,1004.091048445,3.141592653589793,1.0,0.0432139182637722,1004.091048445,0.0,-0.5027725300005841,0.5027725300005841,499.2616516673683,0.0,0.9996867655084178,0.9995196201520352,0.5133226090906678,0.48619701106136737,0.8999992905455982
195,0.1,10040.10070527,1.00401007,0.0324590445528035,,,0.0,-0.8097791799991683,0.0,1004.0100705270002,3.141592653589793,1.0,0.0432139182637722,1004.0100705270002,0.0,-0.8097791799991683,0.8097791799991683,190.98361890473888,0.0,0.9995963998023686,0.9991949970375266,0.5133211370428733,0.48587385999465327,0.8999992905455982
196,0.1,10041.31569546,1.00413157,0.0324194785795188,,,0.0,1.2149901899992983,0.0,1004.131569546,0.0,1.0,1.0,1004.131569546,0.0,1.2149901899992983,1.2149901899992983,-215.87843692098815,0.0,0.9997319842296716,0.9987665629173464,0.5133197566693257,0.4854468062480207,0.8999992905455982
197,0.1,10041.26722269,1.00412672,0.0323416774728247,,,0.0,-0.0484727700004441,0.0,1004.126722269,3.141592653589793,1.0,0.0432139182637722,1004.126722269,0.0,-0.0484727700004441,0.0484727700004441,955.4539186091548,0.0,0.9997265750067706,1.0,0.5133184690893515,0.4866815309106485,0.8999992905455982
198,0.1,10042.50389341,1.00425039,0.0323496555183104,,,0.0,1.2366707199998928,0.0,1004.250389341,0.0,1.0,1.0,1004.250389341,0.0,1.2366707199998928,1.2366707199998928,-237.67666270550708,0.0,0.9998645788299404,0.9987436089368714,0.5133172753066111,0.48542633363026033,0.8999992905455982
199,0.1,10041.91976831,1.00419198,0.0323848511027885,,,0.0,-0.5841251000001648,0.0,1004.191976831,3.141592653589793,1.0,0.0432139182637722,1004.191976831,0.0,-0.5841251000001648,0.5841251000001648,417.61823794522894,0.0,0.9997993945446608,0.999433647956728,0.5133161763665494,0.4861174715901786,0.8999992905455982
200,0.1,10042.17414221,1.00421741,0.0323419916076958,,,0.0,0.2543739000011555,0.0,1004.217414221,0.0,1.0,1.0,1004.217414221,0.0,0.2543739000011555,0.2543739000011555,748.7707141165283,0.0,0.9998277808969428,0.9997823583310242,0.513315173149902,0.4864671851811222,0.8999992905455982
201,,,,,,,,,,,,,,,,,,,,,,0.5133142661715843,-0.5133142661715843,0.8999992905455982
202,,,,,,,,,,,,,,,,,,,,,,0.5133134569740123,-0.5133134569740123,0.8999992905455982
203,,,,,,,,,,,,,,,,,,,,,,0.5133127455985835,-0.5133127455985835,0.8999992905455982
204,,,,,,,,,,,,,,,,,,,,,,0.513312130608674,-0.513312130608674,0.8999992905455982
205,,,,,,,,,,,,,,,,,,,,,,0.5133116201891672,-0.5133116201891672,0.8999992905455982
206,,,,,,,,,,,,,,,,,,,,,,0.5133112048963135,-0.5133112048963135,0.8999992905455982
207,,,,,,,,,,,,,,,,,,,,,,0.513310875282392,-0.513310875282392,0.8999992905455982
208,,,,,,,,,,,,,,,,,,,,,,0.513310699102418,-0.513310699102418,0.8999992905455982
209,,,,,,,,,,,,,,,,,,,,,,0.5133105547024737,-0.5133105547024737,0.8999992905455982
210,,,,,,,,,,,,,,,,,,,,,,0.5133104420969118,-0.5133104420969118,0.8999992905455982
