cycle,coherence,epsilon,epsilon_gw,phi_reconstructed,phi_pred,eps_pred,dphi,deps,entropy_flux,closure_energy,phase_shift,harmonic_ratio,resonance_intensity,harmonic_energy,d_coh,d_eff,gradient_magnitude,resonant_field,coherence_norm,epsilon_norm,resonant_field_norm
1,0.99146569,1082.58365205,0.108258365,0.6815886036902361,,,,,,1073.344547562473,,,,,,,,,1.0,0.0,
2,0.98850668,1085.24775626,0.108524776,0.6813563980700283,,,-0.0029590099999999,2.664104210000005,0.0011106960410115,1072.774656518022,-0.0011106955846936,0.9999987663558256,0.9988899210093434,1072.7733330958165,-0.002959009999999984,2.664104210000005,2.6641058532798447,-1785.2083828472769,0.9966807359686496,0.0002972954403761974,0.9971140261790882
3,0.98338259,1089.90412339,0.108990412,0.6811330905507567,,,-0.00512409,4.656367130000035,0.0011004480222115,1071.7927397109377,-0.0011004475782392,0.9999987890156165,0.9989001576921538,1071.7914417866673,-0.005124090000000026,4.656367130000035,4.656369949396535,-3918.8660197691565,0.990932797424879,0.0008169135211068338,0.9948672407653316
4,0.98026148,1092.7673484,0.109276735,0.6805323325817831,,,-0.0031211099999999,2.863225009999951,0.0010900680135194,1071.1977382382595,-0.0010900675821433,0.999998811753137,0.998910526325704,1071.1964653909074,-0.003121109999999927,2.863225009999951,2.8632267111105354,-1995.8818671635308,0.9874316980163309,0.001136429453347366,0.9968921826633168
5,0.98004366,1093.02022273,0.109302022,0.6800847463132451,,,-0.00021782,0.2528743299999405,0.0008613764755746,1071.2075395383242,-0.0008613762659427,0.999999258031112,0.9991389946120968,1071.2067447356574,-0.0002178200000000352,0.25287432999994053,0.25287442381243547,800.3259563766335,0.9871873588314992,0.0011646484640808717,0.9998366470624065
6,0.9712802,1101.1749224,0.110117492,0.6796917760165062,,,-0.0087634599999999,8.154699670000127,0.0010746514713674,1069.5493988636565,-0.0010746510578031,0.9999988451255484,0.9989259261728524,1069.5481636683812,-0.008763459999999945,8.154699670000127,8.15470437883136,-7652.300929969207,0.9773569636763026,0.002074656045776903,0.9909358569508464
7,0.96372688,1108.33788558,0.110833789,0.6793886582468629,,,-0.00755332,7.162963179999906,0.0010544965552853,1068.1350124558105,-0.001054496164579,0.9999988880382512,0.9989460596211264,1068.133824730534,-0.0075533200000000855,7.162963179999906,7.16296716247376,-6582.873686941783,0.9688840408428955,0.0028739927552806784,0.9920619858522827
8,0.95500467,1116.76813848,0.111676814,0.6790000326368881,,,-0.0087222099999999,8.430252900000141,0.0010346320688629,1066.5187875556069,-0.0010346316998073,0.9999989295376276,0.9989659033470284,1066.5176458873757,-0.008722209999999953,8.430252900000141,8.430257412138022,-7924.500643530668,0.9590999177994164,0.003814750154702472,0.9906492250491412
9,0.94742261,1124.23817586,0.112423818,0.678053268280405,,,-0.0075820599999999,7.470037379999894,0.0010149962594946,1065.1286668349203,-0.0010149959110751,0.9999989697836542,0.9989855190230412,1065.1275695219574,-0.007582059999999946,7.470037379999894,7.4700412278801736,-6891.41928775887,0.9505947559238092,0.004648354202238481,0.9917370809831046
10,0.93637625,1135.36420339,0.11353642,0.6778123824993282,,,-0.01104636,11.1260275300001,0.0009928395349752,1063.1280751545655,-0.0009928392088406,0.9999990142706292,0.9990076534929352,1063.127027197997,-0.011046360000000033,11.126027530000101,11.126033013630213,-10765.259375089463,0.9382035218876456,0.005889941239920115,0.9876578476268121
11,0.93140768,1140.46491241,0.114046491,0.6768362124171213,,,-0.00496857,5.10070901999984,0.0009740939895893,1062.2377781892012,-0.0009740936816878,0.9999990511417994,0.999026380593554,1062.2367702761744,-0.004968570000000061,5.10070901999984,5.100711439926354,-4355.92647578193,0.9326300376181612,0.0064591447750669976,0.9944070071081099
12,0.92736167,1144.66362135,0.114466362,0.6767024824664343,,,-0.0040460099999999,4.198708940000188,0.0009636319299227,1061.5171674833837,-0.0009636316318805,0.9999990714143654,0.9990368325119804,1061.516181773791,-0.004046009999999933,4.198708940000188,4.198710889431948,-3395.483369948048,0.9280914333337944,0.006927691395219229,0.9954183734696055
13,0.92621258,1146.1393226,0.114613932,0.6761491084275948,,,-0.00114909,1.4757012499999291,0.0007786738672352,1061.5686590247983,-0.0007786737103844,0.9999993936673752,0.9992216293773152,1061.568015361087,-0.0011490900000000748,1.4757012499999291,1.4757016973830388,-504.9897067948129,0.9268024437373468,0.007092369357641139,0.9984621227987142
14,0.91984397,1152.85023298,0.115285023,0.6753405503356179,,,-0.0063686099999999,6.710910380000087,0.0009489934507292,1060.442335119748,-0.0009489931659865,0.9999990994122412,0.9990514569856198,1060.441380098362,-0.006368609999999997,6.710910380000087,6.710913401883997,-6056.088889516098,0.9196584671699479,0.00784126012897749,0.9926167010880186
15,0.91157398,1163.70539953,0.11637054,0.6749565329877296,,,-0.0082699899999999,10.855166549999922,0.0007618482831328,1060.8035625970522,-0.0007618481358075,0.9999994195875302,0.9992384419967998,1060.8029468934365,-0.00826998999999995,10.855166549999922,10.855169700238307,-10454.3930601477,0.9103816210806722,0.009052620971291982,0.9879851962557361
16,0.90717137,1168.50097498,0.116850097,0.67477317430379,,,-0.0044026099999999,4.795575449999888,0.0009180566638946,1060.0306303189425,-0.0009180564061649,0.9999991571726718,0.9990823648786866,1060.0297368961585,-0.0044026099999999735,4.7955754499998875,4.795577470922186,-4023.424987870632,0.9054430014014337,0.0095877737291734,0.9947571380195382
17,0.90702412,1168.66226834,0.116866227,0.6744516401462568,,,-0.00014725,0.1612933600001724,0.0009129328019885,1060.0048655182925,-0.0009129325540219,0.9999991665543831,0.9990874840421178,1060.0039820618836,-0.00014725000000004318,0.16129336000017247,0.16129342721483642,889.0323069337484,0.9052778239844542,0.009605772942684273,0.999930056675594
18,0.89685397,1179.9440555,0.117994406,0.6739216895681766,,,-0.0101701499999999,11.281787160000022,0.0009014662176181,1058.2375105530757,-0.0009014659735086,0.9999991873593188,0.9990989402248748,1058.2366505862242,-0.010170149999999989,11.281787160000022,11.281791744022417,-10880.568857219376,0.8938694769060602,0.010864741668221751,0.9875364243684438
19,0.89325196,1184.8725286,0.118487253,0.6729279614901389,,,-0.00360201,4.928473099999792,0.0007308571896779,1058.3897085221058,-0.0007308570596966,0.9999994658480532,0.9992694099512712,1058.3891431811826,-0.0036020100000000443,4.928473099999792,4.928474416277069,-4157.854671452684,0.8898289288059982,0.01141472487651625,0.994615580795445
20,0.89192133,1186.70236255,0.118670236,0.6726068101015374,,,-0.0013306299999999,1.829833950000193,0.0007271862013887,1058.4451495197382,-0.0007271860736075,0.9999994712005076,0.9992730782621077,1058.4445898144804,-0.0013306299999999993,1.829833950000193,1.8298344338080168,-878.3337669058579,0.8883362970480669,0.011618921577207857,0.9980689838180011
21,0.88466531,1195.02750999,0.119502751,0.6718779431370613,,,-0.0072560199999999,8.32514743999991,0.000871578557788,1057.1993825838315,-0.0008715783371949,0.9999992403513944,0.9991288013768792,1057.198579483795,-0.007256019999999919,8.32514743999991,8.325150602095032,-7744.138811039733,0.8801968699434749,0.012547949940693512,0.9908391497715646
22,0.88340852,1196.48483468,0.119648483,0.671210428714885,,,-0.00125679,1.4573246899999504,0.0008623953246394,1056.9848970071034,-0.0008623951114361,0.9999992562748564,0.9991379766443536,1056.984110900859,-0.0012567900000000076,1.4573246899999504,1.45732523192476,-483.3855036585216,0.8787870680698885,0.012710577207246512,0.9984848724693466
23,0.87927384,1201.31167175,0.120131167,0.6707268067637566,,,-0.00413468,4.8268370700000105,0.0008566023545401,1056.281926656442,-0.0008566021452019,0.9999992662329442,0.9991437646336804,1056.2811515915623,-0.004134680000000057,4.8268370700000105,4.826838840887998,-4042.217737808494,0.8741489983759219,0.013249218543784096,0.9947373488669985
24,0.86679172,1216.19138451,0.121619138,0.6701244981077774,,,-0.0124821199999999,14.879712760000077,0.0008388683437973,1054.1846220286045,-0.0008388681470831,0.9999992963003967,0.9991614836044364,1054.1838801993044,-0.01248211999999993,14.879712760000075,14.87971799542682,-14631.774972491155,0.860147203197467,0.014909690660847241,0.9835863271091917
25,0.85599215,1229.45075494,0.122945075,0.6695682750494705,,,-0.01079957,13.25937042999999,0.0008144858804722,1052.4001950402137,-0.0008144857004271,0.9999993366131904,0.999185845903016,1052.399496891806,-0.010799570000000092,13.25937042999999,13.2593748280479,-12901.75990124568,0.8480328053904127,0.016389343880230115,0.9854080685921698
26,0.84848466,1238.88653459,0.123888653,0.6688346686376103,,,-0.0075074899999999,9.435779650000086,0.0007956406653905,1051.1762200801743,-0.000795640497583,0.999999366956332,0.9992046759403884,1051.1755546397244,-0.00750748999999995,9.435779650000086,9.435782636631783,-8867.488491881571,0.8396112922753091,0.017442311048635112,0.9896562394330979
27,0.84673534,1241.53133186,0.124153133,0.6679690752022589,,,-0.00174932,2.644797269999799,0.0006614193152652,1051.2484544031297,-0.0006614192190637,0.9999995625246804,0.9993387994704102,1051.247994507876,-0.0017493200000000542,2.644797269999799,2.6447978485167543,-1729.0904396241071,0.8376489957790748,0.017737451969226336,0.9971731195285093
28,0.84569939,1242.85370962,0.124285371,0.6668301198827286,,,-0.0010359499999998,1.3223777600001083,0.0007833994419388,1051.0806240848713,-0.0007833992822701,0.99999938628569,0.9992169074948328,1051.0799790216513,-0.0010359499999998967,1.3223777600001085,1.3223781657813725,-338.8452357265234,0.8364869207697719,0.01788502010001763,0.9986370763468903
29,0.84486625,1243.91978296,0.124391978,0.6664126615949522,,,-0.00083314,1.0660733400000026,0.0007815034556801,1050.9458423302292,-0.0007815032973128,0.9999993892527206,0.9992188019968544,1050.9452004679151,-0.00083314000000001,1.0660733400000026,1.0660736655508478,-69.43980168798574,0.8355523475053763,0.018003986445965722,0.9989207658147367
30,0.83582196,1257.81283083,0.125781283,0.666394338791745,,,-0.00904429,13.893047869999918,0.0006509939420045,1051.307585577479,-0.0006509938500891,0.999999576207067,0.9993492180004336,1051.3071400407537,-0.009044290000000066,13.893047869999918,13.893050813888607,-13554.556377549343,0.8254069318136069,0.01955435364600825,0.9847206604645816
31,0.82682517,1269.75170364,0.12697517,0.6659830754865923,,,-0.0089967899999999,11.93887281000002,0.0007535711404606,1049.8626682199326,-0.0007535709978804,0.9999994321308588,0.9992467128654358,1049.8620720353208,-0.008996789999999977,11.93887281000002,11.93887619986019,-11484.311232923075,0.8153147991595728,0.02088664854510469,0.9869006712185829
32,0.82027982,1278.61691703,0.127861692,0.6650914615899092,,,-0.00654535,8.865213390000008,0.0007383183812185,1048.8236545503232,-0.0007383182471459,0.9999994548862652,0.9992619542427056,1048.8230828221435,-0.006545350000000005,8.865213390000008,8.865215806275788,-8249.219888999623,0.8079725648218722,0.021875944500163825,0.9903072889992048
33,0.81641639,1283.922285,0.128392228,0.6643800029615632,,,-0.00386343,5.305367970000134,0.0007282115059912,1048.2151969602512,-0.000728211377407,0.9999994697082836,0.9992720537041492,1048.2146411004153,-0.003863430000000001,5.305367970000134,5.305369376697037,-4512.951215999204,0.8036387693170783,0.022467986546071243,0.9942416568242527
34,0.80597449,1298.53814564,0.129853815,0.6633851750242173,,,-0.0104419,14.615860639999935,0.0007144225206081,1046.5886196777446,-0.00071442239911,0.9999994896007226,0.9992858327398096,1046.5880854996694,-0.010441900000000004,14.615860639999937,14.61586436996372,-14250.201423383493,0.7919255871754302,0.02409901460763716,0.9839881319112253
35,0.80465255,1300.73515865,0.130073516,0.6623043943847307,,,-0.0013219399999999,2.197013009999864,0.000601698757987,1046.639862282377,-0.0006016986856476,0.9999996379587354,0.9993984822987052,1046.6394833555576,-0.001321939999999966,2.197013009999864,2.1970134077046564,-1252.8414946096768,0.7904427034090342,0.02434418592934013,0.9976746194713583
36,0.79761466,1312.54551382,0.131254551,0.6616226506241121,,,-0.0070378899999999,11.810355170000092,0.0005959084124143,1046.9055437400646,-0.0005959083419277,0.99999964489329,0.999404269176185,1046.905171976881,-0.007037889999999991,11.810355170000093,11.810357266968836,-11317.418933707535,0.7825479632312042,0.025662139156576863,0.9870764122451925
37,0.79212818,1320.57084815,0.132057085,0.6608917331669033,,,-0.00548648,8.025334330000078,0.0006836450387876,1046.061382506116,-0.0006836449323676,0.9999995326296792,0.9993165886995856,1046.060893608072,-0.005486480000000071,8.025334330000078,8.025336205402276,-7348.929468920247,0.7763935143706989,0.026557710469008212,0.991255313344337
38,0.78861079,1326.62363213,0.132662363,0.6608317556033897,,,-0.0035173899999999,6.052783979999958,0.0005811193677225,1046.1897105667088,-0.0005811193024039,0.9999996623003944,0.9994190495147152,1046.1893572688562,-0.0035173899999999536,6.052783979999958,6.052785002011599,-5286.1698936722305,0.7724478886001771,0.02723315892634768,0.99342744163969
39,0.7833286,1334.54057659,0.133454058,0.6595039678502292,,,-0.0052821899999999,7.916944459999968,0.0006672005880577,1045.3838015034376,-0.0006672004891391,0.9999995548435734,0.999333022039614,1045.38333614412,-0.005282189999999964,7.916944459999968,7.916946222139909,-7230.860317630086,0.7665226016718603,0.028116634685604703,0.9913796425911396
40,0.77570755,1347.99728348,0.134799728,0.6594711674431776,,,-0.00762105,13.456706890000078,0.0005663384111529,1045.6516701749265,-0.000566338350646,0.9999996792609068,0.9994338219886474,1045.651334793558,-0.007621050000000018,13.456706890000078,13.45670904804658,-13025.374443224897,0.7579737028353835,0.02961830927695861,0.9852778999348177
41,0.76769806,1360.48596473,0.136048596,0.659371545963656,,,-0.00800949,12.4886812499999,0.0006413399332582,1044.4424357804494,-0.0006413398453783,0.9999995886832592,0.9993588657690616,1044.442006183791,-0.008009490000000064,12.4886812499999,12.488683818402526,-11999.26397570359,0.7489890721425296,0.031011958961531826,0.9863584153799553
42,0.75713773,1377.38693047,0.137738693,0.6588261734541748,,,-0.01056033,16.900965739999947,0.0006248358917373,1042.8716138677237,-0.0006248358104582,0.9999996095802608,0.9993753593587852,1042.87120671006,-0.010560330000000007,16.900965739999947,16.90096903923623,-16582.66276980759,0.7371430413659554,0.03289798880735993,0.9815320020989198
43,0.74490559,1397.6074196,0.139760742,0.658069891158234,,,-0.0122321399999999,20.220489130000036,0.0006049378885324,1041.0855794855156,-0.00060493781477,0.999999634050285,0.9993952451232192,1041.0851985005445,-0.012232139999999947,20.220489130000033,20.220492829842165,-20010.170593034523,0.7234216607932494,0.03515445430069942,0.9779227658046319
44,0.74478438,1397.84044361,0.139784044,0.6569666714114932,,,-0.0001212099999999,0.2330240100000082,0.0005201609889033,1041.0897281329987,-0.0005201609442226,0.9999997294326164,0.999479974316028,1041.089446448075,-0.00012120999999998272,0.23302401000000827,0.233024041524363,798.4905760483828,0.7232856936984305,0.03518045815423155,0.999834714369139
45,0.74290776,1401.45726841,0.140145727,0.6552706396258023,,,-0.0018766199999999,3.6168248000001313,0.0005188584195399,1041.153480010192,-0.0005188583731221,0.9999997307860128,0.999481276210606,1041.1531997171123,-0.0018766199999999955,3.6168248000001313,3.6168252868501423,-2724.516020504676,0.7211805986610658,0.03558407056460329,0.9961249159006634
46,0.74254103,1402.07806074,0.140207806,0.6545595830052046,,,-0.0003667299999999,0.6207923299998583,0.0005907450554508,1041.100487362282,-0.0005907449876831,0.9999996510204,0.9994094294677826,1041.1001240394503,-0.0003667299999999818,0.6207923299998583,0.6207924383218162,394.7930394998547,0.7207692199573044,0.03565334665689604,0.9994096125529005
47,0.73287494,1418.6804872,0.141868049,0.653178673568133,,,-0.00966609,16.60242646000006,0.0005822094753863,1039.7153769358708,-0.000582209409638,0.9999996610322416,0.9994179600413734,1039.71502450588,-0.009666090000000072,16.60242646000006,16.602429273844415,-16222.080134806403,0.7099263012578757,0.037506061602209366,0.9819117030362938
48,0.73086312,1422.19504756,0.142219505,0.6518931775524027,,,-0.0020118199999999,3.514560359999905,0.0005724243698656,1039.42990970825,-0.0005724243075064,0.999999672330448,0.9994277394960308,1039.4295691187174,-0.0020118199999999975,3.514560359999905,3.514560935807256,-2613.7089900288947,0.7076695458688937,0.037898262014653024,0.9962415979847553
49,0.72992197,1423.84631741,0.142384632,0.6509772503933844,,,-0.0009411499999999,1.6512698500000624,0.0005699552979968,1039.2967089811525,-0.0005699552366255,0.9999996751510634,0.9994302071570064,1039.2963713667218,-0.0009411499999999462,1.6512698500000624,1.6512701182067553,-676.8626706318568,0.7066138125854289,0.038082532207760714,0.9982811370297295
50,0.72521478,1432.17384039,0.143217384,0.6504966995472348,,,-0.00470719,8.327522979999912,0.0005652569210244,1038.6336365801887,-0.0005652568608895,0.9999996804847152,0.9994349028666728,1038.6333047208666,-0.004707190000000083,8.327522979999912,8.32752431038567,-7610.610789918357,0.7013335308507498,0.03901182566493444,0.9909797575265258
51,0.71899401,1444.85066014,0.144485066,0.6491001236610783,,,-0.0062207699999999,12.67681975000005,0.0004907200798141,1038.8389699852055,-0.0004907200404633,0.9999997591938612,0.9995094003429232,1038.8387198264045,-0.006220769999999987,12.67681975000005,12.676821276328333,-12130.334066342648,0.6943553935317466,0.04042647029332378,0.9862203958763894
52,0.71611957,1450.77826544,0.145077827,0.649092853805138,,,-0.0028744399999999,5.927605300000096,0.0004849243250921,1038.9307076122388,-0.0004849242871636,0.999999764848454,0.9995151932696156,1038.930463306077,-0.0028744399999999226,5.927605300000096,5.927605996942994,-5119.439981393788,0.6911309957425283,0.04108794968344111,0.993603011669512
53,0.70906782,1463.81952977,0.146381953,0.6485494692357088,,,-0.00705175,13.041264329999876,0.0005407259465815,1037.947322847439,-0.000540725893923,0.999999707615536,0.9994594202719768,1037.9470193677676,-0.007051750000000023,13.041264329999876,13.041266236531834,-12498.196399621953,0.6832207081351611,0.04254326378395436,0.9858330292668734
54,0.70387321,1473.60426711,0.147360427,0.6472019374409208,,,-0.0051946099999999,9.784737339999992,0.0005308890590484,1037.2305657604131,-0.0005308890092269,0.9999997181568864,0.9994692518874084,1037.230273424121,-0.005194609999999988,9.784737339999992,9.784738718880703,-9111.796943344094,0.6773936639109466,0.04363517219562295,0.9893989776045341
55,0.69654305,1487.67567571,0.148767568,0.6462767717694797,,,-0.0073301599999999,14.07140860000004,0.0005209258154495,1036.2301525698545,-0.0005209257683664,0.9999997286363684,0.9994792098899046,1036.229871374677,-0.0073301599999999745,14.07140860000004,14.071410509234699,-13544.986030669874,0.6691710703975607,0.04520544320857646,0.9847307382368545
56,0.68555908,1509.35964066,0.150935964,0.6441911170418857,,,-0.01098397,21.683964950000014,0.0005065480425199,1034.75520664,-0.000506547999218,0.9999997434091464,0.9994935802745598,1034.7549411312782,-0.010983970000000065,21.683964950000018,21.68396773195409,-21402.837812839414,0.6568498222292773,0.04762522239165589,0.9764562585536425
57,0.68324524,1514.02182184,0.151402182,0.6431819732545832,,,-0.00231384,4.662181180000061,0.0004962998884362,1034.448203028308,-0.0004962998477942,0.9999997536864814,0.9995038232886037,1034.4479482297313,-0.0023138400000000114,4.662181180000061,4.662181754179294,-3788.3364016551286,0.6542542764601519,0.04814548927979753,0.9950046911402028
58,0.68284976,1514.9169279,0.151491693,0.6413886259939121,,,-0.00039548,0.8951060599999892,0.0004418247370129,1034.4606606364523,-0.0004418247087571,0.9999998047909396,0.9995582728814064,1034.460458700359,-0.0003954800000000036,0.8951060599999892,0.8951061473664085,108.50854291019294,0.6538106474967085,0.048245376870264985,0.9991081490847264
59,0.67386067,1535.53095025,0.153553095,0.6409294102870774,,,-0.0089890899999999,20.614022349999917,0.000436066763048,1034.7339149412016,-0.0004360667354291,0.9999998098458142,0.9995640283278512,1034.7337181822163,-0.008989089999999922,20.614022349999914,20.61402430992151,-20295.292302721464,0.6437271523035285,0.050545757924979055,0.9776225267750028
60,0.66963547,1544.38743208,0.154438743,0.6407684312572304,,,-0.0042252,8.85648183000012,0.0004770743146799,1034.176603942984,-0.0004770742785398,0.99999977240015,0.9995230395032988,1034.1763685645442,-0.00422520000000004,8.85648183000012,8.856482837867262,-8124.988890955229,0.6389875419658608,0.051534079498868866,0.9904381067974835
61,0.6606047,1565.88588981,0.156588589,0.6395293207757348,,,-0.0090307699999999,21.498457729999927,0.0004200659467296,1034.4315784721682,-0.0004200659220415,0.9999998235446316,0.9995800222932952,1034.4313959411627,-0.009030769999999966,21.498457729999927,21.49845962675932,-21204.250206352208,0.6288572923092531,0.05393315737061975,0.9766653753912679
62,0.65939737,1568.51266335,0.156851266,0.6384543045860214,,,-0.00120733,2.626773539999931,0.0004596246997144,1034.2731250246852,-0.0004596246675234,0.99999978874518,0.9995404809437128,1034.2729065295025,-0.001207330000000062,2.626773539999931,2.6267738174592608,-1682.528084449684,0.6275029720998012,0.05422628696870812,0.9972221506470101
63,0.65152315,1585.89639845,0.15858964,0.6369563277168032,,,-0.0078742199999999,17.383735100000195,0.0004529647946342,1033.2482170917992,-0.0004529647636809,0.999999794822937,0.9995471378093698,1033.2480050929646,-0.007874219999999932,17.383735100000195,17.383736883372325,-16928.46345071248,0.6186700802809361,0.056166190506467144,0.9811678668635007
64,0.64021152,1611.65789333,0.161165789,0.6351800254108428,,,-0.01131163,25.761494879999876,0.0004390905905209,1031.8019496087973,-0.000439090562319,0.9999998071994904,0.999561005823834,1031.8017506768556,-0.011311630000000017,25.761494879999873,25.7614973634149,-25548.956328951837,0.6059812801096137,0.059040993577739904,0.9720903104068973
65,0.6397295,1612.89264576,0.161289265,0.6350335249232136,,,-0.00048202,1.2347524300000714,0.0003903778505701,1031.815005825722,-0.0003903778310557,0.9999998476051568,0.9996096983564554,1031.814848582436,-0.00048202000000008294,1.2347524300000714,1.2347525240850337,-242.22114009314367,0.6054405750601574,0.05917878333313106,0.9987388235086325
66,0.62777279,1644.09979296,0.164409979,0.6328433297109988,,,-0.0119567099999999,31.20714720000001,0.0003831401160442,1032.1211140649216,-0.0003831400973086,0.999999853203673,0.9996169332914854,1032.1209625533331,-0.011956709999999982,31.20714720000001,31.207149490547554,-31177.432208176368,0.5920281575839447,0.06266128320490177,0.9661634094419579
67,0.62315793,1655.34262398,0.165534262,0.6306630359812686,,,-0.0046148599999999,11.24283102000004,0.0004104713475974,1031.5398830001452,-0.0004104713245809,0.9999998315133012,0.999589612907248,1031.5397091993957,-0.004614859999999998,11.24283102000004,11.2428319671339,-10565.887908755578,0.5868514468571415,0.06391590469704156,0.987867789884992
68,0.61770618,1668.85143295,0.166885143,0.6302678392136148,,,-0.0054517499999999,13.50880896999979,0.0004035699973035,1030.8598436350703,-0.0004035699754237,0.9999998371312836,0.9995965114479852,1030.8596757402509,-0.0054517499999999774,13.50880896999979,13.508810070081113,-12894.8278927402,0.580735956310332,0.065423393516968,0.9854153681398238
69,0.61370679,1679.88134362,0.167988134,0.63019879681829,,,-0.00399939,11.029910670000165,0.0003625949583177,1030.9545869739172,-0.0003625949424599,0.9999998685249136,0.9996374707871416,1030.9544514290735,-0.003999390000000047,11.029910670000163,11.029911395079464,-10340.381800196363,0.5762496479253172,0.0666542545837533,0.9881052524594258
70,0.61351799,1680.40543711,0.168040544,0.6293024763670916,,,-0.0001887999999999,0.5240934900000411,0.0003602410700421,1030.9589661607986,-0.0003602410551462,0.9999998702263876,0.9996398238238716,1030.958832369529,-0.00018879999999998898,0.5240934900000411,0.5240935240067971,490.6399848070498,0.5760378618721714,0.06671273976024265,0.9995105413593512
71,0.60754007,1695.725984,0.169572598,0.6275970963601558,,,-0.0059779199999999,15.320546889999832,0.0003901897264197,1030.2214830201788,-0.0003901897066433,0.9999998477520003,0.9996098864074604,1030.221326171019,-0.00597791999999997,15.320546889999832,15.320548056261272,-14753.334010017295,0.5693321410945159,0.06842240589018232,0.983458322940342
72,0.60653965,1698.3207981,0.16983208,0.6256254234647507,,,-0.00100042,2.594814100000121,0.0003855459239312,1030.0989024672947,-0.0003855459049766,0.9999998513543626,0.9996145284082952,1030.0987493475868,-0.0010004200000000019,2.5948141000001215,2.594814292854041,-1642.8162085106037,0.568209921797439,0.06871196903777177,0.9972639680698566
73,0.60576557,1700.33469458,0.170033469,0.6234800063982022,,,-0.00077408,2.013896479999857,0.0003843693095961,1030.0042154530297,-0.0003843692908581,0.9999998522602556,0.9996157045695542,1030.00406328047,-0.0007740800000000103,2.0138964799998575,2.0138966287661497,-1044.3176473755045,0.5673415989795412,0.06893670583246857,0.9978941993750311
74,0.59344444,1733.13026455,0.173313026,0.6207663275065473,,,-0.01232113,32.79556997000009,0.0003756949493756,1028.5165192929264,-0.000375694931711,0.9999998588533248,0.9996243756327926,1028.516374121239,-0.012321130000000013,32.79556997000009,32.79557228449316,-32702.26671915667,0.5535203940378233,0.07259646260175033,0.9645577273126515
75,0.59083612,1740.25624931,0.174025625,0.6206882977616096,,,-0.0026083199999999,7.1259847599999375,0.0003660294103174,1028.206250148073,-0.0003660293940222,0.9999998660224888,0.999634037586564,1028.2061123915585,-0.0026083199999999973,7.1259847599999375,7.125985237360838,-6298.775465474865,0.5505945158697022,0.07339167277760837,0.9923611471277471
76,0.58885426,1746.19043413,0.174619043,0.6178803864432789,,,-0.00198186,5.934184820000155,0.0003339734200705,1028.2516759086998,-0.0003339734077098,0.9999998884617672,0.9996660823552008,1028.251561219325,-0.001981860000000002,5.934184820000155,5.934185150944427,-5073.583584803818,0.5483713680556792,0.07405388639624745,0.9936512993990909
77,0.58605761,1753.95866257,0.175395866,0.6175365634510223,,,-0.0027966499999999,7.768228439999802,0.0003600112974587,1027.9208218245706,-0.0003600112819515,0.9999998703918824,0.999640053514334,1027.9206885976878,-0.002796649999999956,7.7682284399998025,7.768228943412584,-6957.202556099464,0.5452342310560488,0.07492076648537603,0.9916678098473708
78,0.57984118,1771.50597147,0.177150597,0.6152087435939015,,,-0.00621643,17.54730890000019,0.0003542668585292,1027.192112874211,-0.0003542668437287,0.9999998744950086,0.9996457959013598,1027.1919839564737,-0.0062164300000000505,17.54730890000019,17.547310001137717,-16997.26418921145,0.5382609621240723,0.07687892371783757,0.9810954182695745
79,0.57145948,1795.79535333,0.179579535,0.614980505453192,,,-0.0083816999999999,24.28938185999982,0.0003450767108016,1026.224278800378,-0.0003450766971188,0.9999998809220778,0.9996549828349968,1026.224156599723,-0.008381699999999936,24.28938185999982,24.289383306164513,-23900.12774109635,0.5288588055475248,0.07958944924811862,0.973826560851614
80,0.55989788,1833.31737581,0.183331738,0.6130580033273743,,,-0.0115616,37.52202248000003,0.0003081283799628,1026.4705120831825,-0.0003081283702195,0.9999999050569104,0.9996919190964514,1026.4704146269007,-0.01156160000000006,37.52202248000003,37.52202426122853,-37488.777386436974,0.5158896019879352,0.08377664513750058,0.9595174330480335
81,0.55255211,1856.17996231,0.185617996,0.6102610881154353,,,-0.0073457699999999,22.86258650000013,0.0003213009166604,1025.6361547141112,-0.000321300905618,0.9999998967657316,0.99967875070599,1025.636048833313,-0.007345769999999918,22.862586500000134,22.862587680101424,-22423.058045491092,0.5076494979857273,0.08632795026143056,0.9753819456470751
82,0.54951763,1866.53787627,0.186653788,0.6093248027033219,,,-0.00303448,10.357913959999903,0.0002929624643944,1025.6954700731235,-0.0002929624560413,0.999999914173002,0.9997070804532686,1025.6953820407605,-0.0030344800000000616,10.357913959999905,10.357914404494267,-9598.369590222483,0.5042455756205267,0.08748382118440655,0.9888866065911055
83,0.54339158,1886.3184144,0.188631841,0.6072288323003578,,,-0.0061260499999999,19.780538129999968,0.0003097008766611,1025.0095435839107,-0.0003097008667751,0.9999999040853764,0.9996903470855878,1025.009445270506,-0.006126049999999994,19.780538129999968,19.780539078621473,-19250.229942858856,0.49737369028750844,0.08969119121601522,0.9787229989529072
84,0.53953508,1899.93527667,0.189993528,0.6057668631184477,,,-0.0038565,13.616862269999956,0.0002832150258443,1025.0817314929704,-0.0002832150182928,0.9999999197892556,0.9997168250832946,1025.0816492704016,-0.0038565000000000405,13.616862269999956,13.61686281610932,-12933.314544155746,0.49304766849748305,0.09121073803025252,0.9853748409036224
85,0.53654218,1909.91491227,0.190991491,0.6035555910924029,,,-0.0029928999999999,9.979635600000163,0.0002999007298122,1024.7499106438545,-0.0002999007208512,0.9999999100595602,0.9997001442448749,1024.749818477397,-0.002992899999999965,9.979635600000165,9.9796360487866,-9201.88041098716,0.4896903884208937,0.09232439572778531,0.9893041178587066
86,0.53595654,1911.88119935,0.19118812,0.6024235471947857,,,-0.0005856399999999,1.9662870800000287,0.0002978405369484,1024.6852324946765,-0.0002978405282929,0.9999999112910224,0.999702203821794,1024.685141595897,-0.0005856399999999429,1.9662870800000292,1.9662871672136932,-990.1401027586614,0.48903344782680314,0.09254381964564873,0.9979512494447761
87,0.53217075,1924.70009656,0.19247001,0.6023489401026381,,,-0.00378579,12.818897209999932,0.000295328836614,1024.2690939114077,-0.000295328828051,0.9999999127808856,0.9997047147772146,1024.2690045755646,-0.003785790000000011,12.818897209999932,12.818897769026398,-12105.73065306103,0.4847867448493728,0.09397431912719272,0.9862463037770447
88,0.52477882,1950.28165805,0.195028166,0.5993030320082247,,,-0.00739193,25.581561490000013,0.0002889553869727,1023.4665071791223,-0.0002889553789419,0.9999999165047913,0.9997110863646428,1023.4664217245728,-0.0073919300000000465,25.581561490000013,25.58156255796899,-25158.40387160326,0.4764948609519678,0.09682904288767215,0.9725015701841423
89,0.52068397,1965.75906902,0.196575907,0.5963513539757863,,,-0.0040948499999999,15.477410969999935,0.0002645694430207,1023.5392361208376,-0.0002645694368647,0.9999999300030148,0.9997354655585424,1023.5391644761768,-0.004094849999999983,15.477410969999937,15.47741151168602,-14818.197682448892,0.4719014704873275,0.0985562139543811,0.9833900201580306
90,0.51684526,1980.48402097,0.198048402,0.593886170433186,,,-0.00383871,14.724951950000104,0.0002606942292765,1023.603778744085,-0.0002606942233885,0.9999999320385232,0.999739339754398,1023.6037091784608,-0.003838710000000023,14.724951950000104,14.724952450364869,-14048.912236491484,0.4675954045971192,0.10019941584493088,0.9842000935686298
91,0.5100228,2005.54694062,0.200554694,0.5906816638621661,,,-0.0068224599999999,25.062919649999916,0.0002722132973732,1022.874666186446,-0.0002722132906604,0.999999925899926,0.9997278237560158,1022.8745903913576,-0.006822459999999975,25.062919649999913,25.062920578582062,-24613.350030436897,0.4599423226260116,0.10299626279502071,0.9730755230990118
92,0.49835901,2052.83548436,0.205283548,0.5894833482908305,,,-0.01166379,47.28854374000002,0.0002466514947866,1023.04905967852,-0.0002466514897899,0.999999939163044,0.999753378926188,1023.0489974393292,-0.011663790000000007,47.28854374000002,47.288545178445624,-47355.44973773389,0.4468584876216604,0.10827333430865056,0.9491276239532664
93,0.49771579,2055.35152284,0.205535152,0.5849503777922335,,,-0.0006432199999999,2.516038480000134,0.0002556479182879,1022.9809069180136,-0.0002556479128201,0.9999999346441462,0.999744384762323,1022.9808400602228,-0.0006432199999999999,2.516038480000134,2.5160385622190597,-1550.8784019425461,0.4461369567683531,0.10855410664672478,0.9973607804727442
94,0.49035099,2086.4120467,0.208641205,0.5816536184848458,,,-0.0073648,31.06052385999965,0.0002371112616438,1023.0742126472712,-0.0002371112572078,0.9999999437782529,0.9997629168514446,1023.0741551282516,-0.007364800000000005,31.06052385999965,31.060524733138145,-30754.14594406722,0.43787550589860613,0.11202024437685283,0.9666091385915585
95,0.48147262,2125.08319368,0.212508319,0.5777075564644836,,,-0.0088783699999999,38.67114698000023,0.0002295864150179,1023.1693729790773,-0.00022958641099,0.9999999472900808,0.9997704399419532,1023.169319047902,-0.008878369999999969,38.67114698000023,38.67114799917679,-38543.962846070455,0.4279162106620167,0.11633567454212845,0.958406301037683
96,0.46904838,2178.60723722,0.217860724,0.5747121608220745,,,-0.01242424,53.52404354000009,0.0002321244655307,1021.8721952743168,-0.000232124461366,0.9999999461182356,0.9997679024774324,1021.87214021404,-0.01242424000000003,53.52404354000009,53.52404498198511,-53672.85825843963,0.4139793422672273,0.12230858432366402,0.9424752627349313
97,0.4580396,2231.16941956,0.223116942,0.5695972193759946,,,-0.0110087799999999,52.56218233999971,0.0002094429780061,1021.9639484674944,-0.0002094429749476,0.9999999561336408,0.9997905789567012,1021.9639036376568,-0.011008779999999996,52.56218233999971,52.56218349285553,-52694.69032243979,0.4016302635270237,0.12817415710690894,0.9435052937074633
98,0.45536222,2244.3272828,0.224432728,0.5670447556745744,,,-0.00267738,13.157863240000095,0.00020348136707,1021.9818539023756,-0.0002034813642771,0.999999958595335,0.9997965393366516,1021.9818115875592,-0.002677380000000007,13.157863240000097,13.157863512398565,-12425.11537743537,0.3986269174307762,0.12964248283217986,0.9859099850876339
99,0.45032334,2268.29530702,0.226829531,0.563622603049039,,,-0.0050388799999999,23.96802422000019,0.0002102334324072,1021.466318763572,-0.0002102334293186,0.9999999558019056,0.99978978866818,1021.4662736167072,-0.005038879999999968,23.96802422000019,23.9680247496707,-23461.062653382436,0.3929745630479621,0.13231714709219103,0.974288905427283
100,0.44684036,2285.18645099,0.228518645,0.5578568476449708,,,-0.00348298,16.89114397000003,0.0002062015459686,1021.113536427494,-0.0002062015430584,0.9999999574809242,0.9997938197150186,1021.11349301069,-0.0034829800000000244,16.89114397000003,16.89114432909796,-16226.661893822235,0.38906753663172383,0.13420208089702101,0.9819068783497331
101,0.43840467,2327.23603158,0.232723603,0.5548133475750349,,,-0.0084356899999999,42.049580590000005,0.0002006129402823,1020.2711444369396,-0.0002006129375958,0.9999999597544498,0.999799407183834,1020.271103375566,-0.008435689999999996,42.049580590000005,42.049581436154284,-41881.70174497028,0.3796048168718641,0.13889452067929908,0.9548915932686357
102,0.43093573,2365.87381352,0.236587381,0.5538233816517736,,,-0.0074689399999999,38.63778193999997,0.000193306645071,1019.5395589171252,-0.0001933066426682,0.9999999626325424,0.9998067120398568,1019.539520819524,-0.0074689399999999795,38.63778193999997,38.63778266189783,-38373.2068998207,0.3712265471484382,0.14320622753892367,0.958586110564154
103,0.41870355,2435.13466103,0.243513466,0.5535975481740002,,,-0.01223218,69.26084751000008,0.0001766103136127,1019.5995273013076,-0.000176610311779,0.9999999688087982,0.999823405282904,1019.599495498773,-0.012232180000000037,69.26084751000008,69.26084859016464,-69598.72678484999,0.35750512170580556,0.15093525483598802,0.925704995337128
104,0.41095021,2481.12522871,0.248112523,0.5487119228053738,,,-0.0077533399999999,45.99056767999991,0.0001685854380789,1019.6189337746724,-0.0001685854364854,0.9999999715789508,0.9998314287732408,1019.6189047960328,-0.0077533399999999975,45.99056767999991,45.990568333550016,-45873.234010405344,0.3488078268048656,0.15606748127827758,0.950688427626065
105,0.40888248,2493.18278126,0.249318278,0.5479954326920184,,,-0.0020677299999999,12.057552549999857,0.0001714883672498,1019.4187586948864,-0.0001714883655829,0.9999999705917408,0.9998285263377062,1019.4187287155552,-0.00206772999999999,12.057552549999855,12.057552727295674,-11272.276343964975,0.34648835447609877,0.15741302000824015,0.9871239483214671
106,0.40803808,2498.14262864,0.249814263,0.5462596807734814,,,-0.0008443999999999,4.959847380000156,0.0001702471739825,1019.3373217564188,-0.000170247172372,0.9999999710159008,0.9998297673188554,1019.3372922118446,-0.0008443999999999674,4.959847380000156,4.959847451878512,-4036.420179169815,0.34554115032738947,0.1579665043672607,0.9947434538155897
107,0.403357,2526.02258043,0.252602258,0.5412806468799698,,,-0.00468108,27.879951789999723,0.0001679012946324,1018.8888899745036,-0.0001679012930607,0.999999971809156,0.9998321128015724,1018.888861251166,-0.004681080000000004,27.879951789999723,27.879952182979416,-27387.68387020169,0.3402901574372425,0.16107771244762148,0.970154092455121
108,0.39763851,2560.98997401,0.256098997,0.5355218954575054,,,-0.00571849,34.967393580000135,0.0001635377823272,1018.3482373902752,-0.0001635377808739,0.9999999732553946,0.9998364755907,1018.3482101549534,-0.0057184900000000205,34.967393580000135,34.967394047594716,-34590.6349319961,0.33387545178547473,0.16497982957733162,0.962569236711821
109,0.39277289,2592.72744432,0.259272744,0.529865569539756,,,-0.00486562,31.73747030999993,0.0001533083750003,1018.3530512878804,-0.000153308373804,0.9999999764965428,0.9998467033773242,1018.3530273530628,-0.004865620000000015,31.737470309999935,31.73747068297008,-31301.596323178597,0.32841745148935564,0.1685215098077149,0.9660326620728994
110,0.38272551,2658.35984041,0.265835984,0.5289676279217831,,,-0.0100473799999999,65.63239608999993,0.000153085680219,1017.4221256844356,-0.0001530856790255,0.999999976564775,0.9998469260379892,1017.4221018409193,-0.010047379999999995,65.63239608999993,65.63239685905492,-65758.42905935609,0.3171468214329146,0.17584562724474323,0.9297489078959255
111,0.37931205,2682.28260395,0.26822826,0.5199293888619418,,,-0.0034134599999999,23.922763540000236,0.0001426866922857,1017.4221131836126,-0.0001426866913233,0.9999999796405082,0.9998573234879384,1017.4220924694156,-0.0034134599999999793,23.922763540000233,23.92276378352789,-23322.126293819085,0.3133177789489577,0.17851524072868422,0.974435208273956
112,0.37016502,2746.33097894,0.274633098,0.5191915840398219,,,-0.00914703,64.04837498999996,0.0001428143961698,1016.5956617459448,-0.0001428143952011,0.9999999796040488,0.9998571958022892,1016.5956410115092,-0.00914703,64.04837498999996,64.04837564316374,-64094.70385169646,0.3030571148509372,0.18566259246385972,0.9315008447879479
113,0.36868558,2756.99389742,0.27569939,0.5179446788991187,,,-0.0014794399999999,10.662918479999917,0.0001387462543801,1016.4638941267532,-0.0001387462535028,0.9999999807494774,0.9998612633713134,1016.463874559292,-0.0014794399999999985,10.662918479999917,10.662918582633296,-9822.007662054422,0.3013975557488926,0.18685249976302165,0.9886511110977997
114,0.36681123,2771.07848128,0.277107848,0.5154715896112454,,,-0.00187435,14.08458385999984,0.0001330781241744,1016.4627061448488,-0.0001330781233983,0.9999999822902133,0.9998669307311024,1016.462688143511,-0.0018743500000000246,14.084583859999839,14.084583984717328,-13299.991410345308,0.2992950070798574,0.18842424104305744,0.9849887226153551
115,0.35938611,2828.29425114,0.282829425,0.5108209357777969,,,-0.00742512,57.21576986000037,0.0001297740119208,1016.4496688525676,-0.0001297740111945,0.9999999831587062,0.9998702344090882,1016.44965173424,-0.007425120000000007,57.215769860000364,57.21577034179417,-57140.5001858887,0.29096589236092757,0.1948091217219525,0.9388237644027231
116,0.35649022,2850.55008301,0.285055008,0.5087050245729435,,,-0.0028958899999999,22.25583186999984,0.0001301182547021,1016.1932262132532,-0.0001301182539737,0.9999999830692402,0.9998698902110392,1016.1932090083296,-0.0028958899999999566,22.255831869999838,22.255832058403914,-21600.032189571604,0.2877174330736161,0.19729271726295808,0.9762486088156292
117,0.34724506,2924.12527301,0.292412527,0.5071843249320223,,,-0.00924516,73.57519000000002,0.0001256559446176,1015.3880558738738,-0.000125655943958,0.999999984210584,0.9998743519504194,1015.3880398414892,-0.00924516000000003,73.57519000000002,73.57519058085468,-73691.98050501655,0.27734669182837535,0.20550319507749235,0.9213947149087539
118,0.34458867,2946.00653448,0.294600653,0.5048505721994068,,,-0.00265639,21.881261470000027,0.0001214002219899,1015.1604735277724,-0.0001214002213991,0.9999999852619864,0.9998786071473096,1015.1604585663234,-0.0026563900000000085,21.881261470000027,21.88126163124319,-21197.831133016214,0.2743668912260661,0.20794499117551749,0.9766721348076295
119,0.33844768,2999.39928925,0.299939929,0.4953891955218505,,,-0.00614099,53.39275477000001,0.0001150154178472,1015.1397308403114,-0.0001150154173421,0.9999999867714536,0.9998849911966772,1015.1397174114884,-0.006140990000000013,53.39275477000001,53.392755123154274,-53185.96663012814,0.2674782469754949,0.21390325004642158,0.9429879696423753
120,0.33610606,3019.70310911,0.301970311,0.4905476367153215,,,-0.0023416199999999,20.30381985999975,0.0001153290373944,1014.940514372712,-0.0001153290368888,0.9999999866992132,0.9998846776132488,1014.9405008732048,-0.0023416199999999887,20.30381985999975,20.30381999502814,-19592.228734520046,0.26485153904240555,0.21616901466776783,0.9783628671851248
121,0.33038234,3071.93483977,0.307193484,0.4820150182948896,,,-0.0057237199999999,52.23173066000027,0.0001095831964127,1014.9130206907377,-0.0001095831959761,0.9999999879915232,0.999890422808043,1014.9130085031782,-0.005723719999999988,52.23173066000027,52.23173097361203,-51995.75021325404,0.2584309666477461,0.22199771134933483,0.944241292030359
122,0.32408318,3131.52218058,0.313152218,0.4819101742804589,,,-0.0062991599999999,59.587340810000114,0.0001057130577445,1014.8736665229007,-0.0001057130573525,0.9999999888247496,0.9998942925300758,1014.8736551814332,-0.00629915999999997,59.587340810000114,59.58734114295184,-59458.7490531091,0.2513648954902572,0.22864724279801477,0.936382600623588
123,0.31624452,3208.94531371,0.320894531,0.4776323872683664,,,-0.00783866,77.42313312999977,0.0001012444173079,1014.8113704404684,-0.0001012444169632,0.999999989749568,0.9998987607080796,1014.8113600382134,-0.007838660000000053,77.42313312999977,77.42313352681005,-77555.06407272408,0.24257189303606286,0.23728712421586223,0.917326808389051
124,0.31136725,3259.06205901,0.325906206,0.4678541597038655,,,-0.0048772699999999,50.11674530000028,9.731817121617122e-05,1014.7651908932814,-9.73181709108852e-05,0.9999999905291737,0.9999026865643488,1014.7651812826164,-0.004877269999999989,50.116745300000275,50.11674553732377,-49841.963189194495,0.2371008243738466,0.24287980328909756,0.946509274103142
125,0.30317365,3346.84337805,0.334684338,0.4594881341808601,,,-0.0081935999999999,87.78131903999974,9.334104442168394e-05,1014.6747229017484,-9.334104415166775e-05,0.9999999912874497,0.999906663311988,1014.6747140613436,-0.008193599999999968,87.78131903999974,87.78131942239933,-88054.81047078916,0.2279096686267309,0.25267558597764345,0.9062703592909896
126,0.29514324,3437.55274523,0.343755275,0.4442981960960108,,,-0.00803041,90.70936717999984,8.852900477164951e-05,1014.5704548980766,-8.852900454134686e-05,0.9999999921626151,0.9999114749140352,1014.5704469464976,-0.008030410000000043,90.70936717999984,90.70936753546195,-91016.47311574125,0.21890157096231036,0.26279811840741807,0.9031516675590087
127,0.28992915,3497.86016898,0.349786017,0.4361733465849782,,,-0.0052140899999999,60.30742375,8.645851000911792e-05,1014.1316256112278,-8.645850979512363e-05,0.999999992524926,0.999913545227634,1014.131618030519,-0.005214089999999949,60.30742375,60.30742397540122,-60145.53383739563,0.2130526750838835,0.2695280060876415,0.9356594021080328
128,0.28714027,3531.69482354,0.353169482,0.4229700315966133,,,-0.00278888,33.83465456000022,8.242673188733169e-05,1014.091805188878,-8.242673170309422e-05,0.999999993205834,0.9999175766652866,1014.0917982989698,-0.002788880000000049,33.83465456000022,33.83465467493935,-33297.354005834924,0.20992425406747844,0.27330371744669213,0.9639310881497025
129,0.28136819,3602.44570134,0.36024457,0.4191974859464684,,,-0.0057720799999999,70.75087780000013,8.158315740244234e-05,1013.6136265593163,-8.158315722259475e-05,0.9999999933441884,0.9999184201705926,1013.6136198128952,-0.005772079999999957,70.75087780000013,70.75087803545237,-70700.43997064265,0.20344943393166373,0.2811990217270579,0.9245448686733426
130,0.27298308,3712.62065546,0.371262066,0.4026706501069699,,,-0.00838511,110.17495411999973,7.61072247944036e-05,1013.4826213990896,-7.610722464814886e-05,0.9999999942076904,0.9999238956714332,1013.4826155286844,-0.008385110000000029,110.17495411999971,110.17495443908344,-110646.91837514723,0.19404345219388083,0.29349377783328867,0.882480404601372
131,0.2636731,3840.84770998,0.384084771,0.3923044930318854,,,-0.0093099799999999,128.22705452000037,7.260542663775574e-05,1012.7282223183277,-7.260542651074095e-05,0.999999994728452,0.9999273972091994,1012.7282169796824,-0.009309979999999995,128.22705452000037,128.22705485797792,-128846.42841789623,0.18359999923272424,0.30780302238107093,0.8633159458831697
132,0.25886461,3910.7188323,0.391071883,0.3876657206837797,,,-0.0048084899999999,69.87112231999981,6.881941838445041e-05,1012.3467053429948,-6.881941827678987e-05,0.9999999952638876,0.999931182949725,1012.3467005484072,-0.004808489999999999,69.87112231999981,69.87112248545856,-69721.45361121919,0.1782060844091487,0.31560015208858466,0.9255757614625872
133,0.25529506,3964.30360567,0.396430361,0.3795159339853378,,,-0.0035695499999999,53.584773369999766,6.661500600713238e-05,1012.067126867739,-6.661500590983955e-05,0.999999995562441,0.9999333872128204,1012.0671223766316,-0.003569549999999977,53.584773369999766,53.584773488892566,-53219.32038573048,0.17420194825445276,0.32157983889539044,0.9429528474511275
134,0.24593531,4114.50048448,0.411450048,0.3763355322473596,,,-0.00935975,150.19687880999982,6.231654128963537e-05,1011.9009521457388,-6.231654120938458e-05,0.9999999961166486,0.999937685400426,1011.9009482161716,-0.009359750000000028,150.19687880999982,150.19687910163344,-150972.4634338364,0.16370266588723115,0.33834076253394035,0.8400167755393272
135,0.23510326,4300.54080301,0.43005408,0.3742314413899467,,,-0.0108320499999999,186.04031853000012,5.822420691133693e-05,1011.0711625506688,-5.822420684585541e-05,0.9999999966099418,0.9999417774881504,1011.0711591230786,-0.010832049999999982,186.04031853000015,186.0403188453439,-187088.9296594659,0.15155183369984773,0.3591015639385912,0.801985393133833
136,0.22532728,4483.90659308,0.448390659,0.3538706234349557,,,-0.00977598,183.36579007,5.331408871968276e-05,1010.3464763927832,-5.331408866946033e-05,0.999999997157608,0.9999466873325014,1010.3464735209824,-0.009775980000000017,183.36579007,183.3657903305987,-184252.63315138727,0.1405856460948037,0.3795639066293037,0.8049720717429811
137,0.21964494,4598.03810477,0.45980381,0.3479665833797354,,,-0.0056823399999999,114.13151169000048,4.978765211998892e-05,1009.9358036399204,-4.97876520792871e-05,0.9999999975211896,0.9999502135873052,1009.9358011364812,-0.00568233999999998,114.13151169000048,114.13151183145567,-114255.56403528248,0.134211491639123,0.3923001869524671,0.8786804264360348
138,0.21701795,4653.46473637,0.465346474,0.3394643836740737,,,-0.00262699,55.42663159999938,4.7395808190383645e-05,1009.8853774843076,-4.739580815574936e-05,0.9999999977536372,0.9999526053150078,1009.8853752157388,-0.0026269900000000235,55.42663159999938,55.42663166225354,-54964.65933796373,0.1312646704328015,0.39848541228571,0.941114969606022
139,0.21329521,4733.44198634,0.473344199,0.3114510129162151,,,-0.0037227399999999,79.97724997000023,4.654748695847682e-05,1009.6205024992074,-4.654748692544118e-05,0.9999999978333314,0.999953453596392,1009.6205003116944,-0.0037227399999999744,79.97724997000023,79.97725005664233,-79737.05071542902,0.1270886936770388,0.4074103153209064,0.9150291315373356
140,0.20832333,4844.73811206,0.484473811,0.2986091426322009,,,-0.00497188,111.29612572000042,4.467253435634975e-05,1009.2719764822524,-4.467253432703444e-05,0.9999999980043648,0.9999553284634758,1009.2719744681136,-0.004971880000000012,111.29612572000042,111.29612583105366,-111318.78869369104,0.1215114964211354,0.4198301863544393,0.8817729113252633
141,0.19582518,5152.60290994,0.515260291,0.2678848065241606,,,-0.01249815,307.86479788,4.0596229533299765e-05,1009.0093923075244,-4.059622951113003e-05,0.999999998351946,0.9999594045945046,1009.0093906446224,-0.012498150000000013,307.86479787999997,307.86479813368885,-309629.4629751585,0.10749171961962999,0.4541857495934852,0.6729476890132913
142,0.1906387,5292.15439182,0.529215439,0.2448187472710723,,,-0.0051864799999999,139.5514818799993,3.716535238531323e-05,1008.8894334558552,-3.716535236846783e-05,0.9999999986187368,0.9999628353382548,1008.8894320623132,-0.005186479999999993,139.5514818799993,139.55148197637797,-139783.12596253978,0.10167379520797934,0.469758721215592,0.8517993782329714
143,0.18817892,5361.01642637,0.536101643,0.216022802178461,,,-0.0024597799999999,68.86203455000032,3.5720408437514906e-05,1008.830281216566,-3.572040842284118e-05,0.9999999987240524,0.9999642802295432,1008.8302799293516,-0.0024597799999999947,68.86203455000032,68.86203459393249,-68461.27535597226,0.09891454151196778,0.4774432437691385,0.9269027551065661
144,0.18026332,5593.41515782,0.559341516,0.2156520488464407,,,-0.0079155999999999,232.39873145,3.406042688175755e-05,1008.2875864869573,-3.40604268687328e-05,0.9999999988398872,0.999965940153181,1008.28758531723,-0.007915599999999995,232.39873145,232.39873158480435,-233316.4683151122,0.09003523175412394,0.5033773205781299,0.7533068433196198
145,0.17470715,5769.17250406,0.57691725,0.2058678010576132,,,-0.0055561699999999,175.75734624000052,3.16127326614349e-05,1007.9156860426862,-3.161273265108388e-05,0.9999999990006352,0.999968387767026,1007.9156850354108,-0.005556169999999999,175.75734624000052,175.75734632782337,-176140.67043897862,0.0838026082641498,0.5229906140272523,0.8135141354666959
146,0.17036995,5914.36755857,0.591436756,0.1594224961418349,,,-0.0043372,145.19505450999986,2.987154083592724e-05,1007.6305052351928,-2.9871540827248087e-05,0.9999999991076912,0.9999701289053228,1007.6305043360752,-0.004337200000000013,145.19505450999986,145.1950545747793,-145295.33556395277,0.07893736213224313,0.5391933689754143,0.8459949080519488
147,0.16107727,6251.87340658,0.625187341,0.1590922157677328,,,-0.0092926799999999,337.5058480099997,2.753338958351068e-05,1007.0347007175064,-2.7533389576634687e-05,0.9999999992419124,0.9999724669894636,1007.034699954086,-0.009292679999999998,337.5058480099997,337.50584813792915,-338873.0658123747,0.06851331541430382,0.5768566665810565,0.642153573236058
148,0.15382132,6543.8511823,0.654385118,0.1491925905489832,,,-0.0072559499999999,291.97777571999995,2.485103526144204e-05,1006.5838267449468,-2.4851035256411363e-05,0.999999999382426,0.999975149273528,1006.5838261233068,-0.007255949999999983,291.97777571999995,291.9777758101589,-292893.52289183956,0.06037396683208302,0.609439349002755,0.6905709784361214
149,0.14524601,6926.64379794,0.69266438,0.1120985885713169,,,-0.00857531,382.7926156399999,2.240197341748701e-05,1006.0673743420311,-2.240197341379807e-05,0.9999999994981515,0.9999775982775084,1006.067373837138,-0.008575310000000003,382.7926156399999,382.79261573605186,-384109.0942639813,0.05075462859372636,0.6521563338760494,0.594519104077278
150,0.14365435,7003.11732476,0.700311732,0.0669650439089696,,,-0.00159166,76.47352682000019,2.0813215581459767e-05,1006.0282672621366,-2.081321557872657e-05,0.99999999956681,0.9999791870010148,1006.0282668263352,-0.0015916600000000225,76.47352682000019,76.47352683656396,-75928.50139465934,0.048969186912846845,0.6606902458558187,0.9190396123724065
151,0.1327803,7571.89693492,0.757189693,0.03295518129375,,,-0.0108740499999999,568.7796101599997,1.91182134621914e-05,1005.398746587758,-1.911821345989573e-05,0.999999999634494,0.999980881969292,1005.3987462202788,-0.010874049999999996,568.7796101599997,568.7796102639459,-570844.9082888097,0.036771241302623756,0.7241620815463298,0.39788244788803495
152,0.12849497,7822.55051108,0.782255051,0.0330516416718049,,,-0.00428533,250.65357616000077,1.7096624215915573e-05,1005.1583932447091,-1.7096624214318032e-05,0.9999999997077054,0.999982903521932,1005.1583929509068,-0.004285330000000004,250.65357616000074,250.65357619663308,-250941.38744425445,0.031964180247924044,0.7521332716471689,0.7347474406615975
153,0.1265209,7944.21427309,0.794421427,0.0330461168168653,,,-0.0019740699999999,121.66376200999912,1.6225620245258624e-05,1005.1091396241924,-1.6225620243968078e-05,0.9999999997367292,0.9999837745113906,1005.1091393595766,-0.0019740699999999944,121.66376200999912,121.66376202601437,-121280.25000185607,0.02974977085208965,0.7657100985478658,0.8712832875076508
154,0.115416,8703.3587025,0.87033587,0.0330422589898866,,,-0.0111048999999999,759.1444294100002,1.4628178209271695e-05,1004.50684800774,-1.4628178208247568e-05,0.9999999997860164,0.999985371928783,1004.506847792792,-0.011104899999999987,759.1444294100002,759.1444294912224,-761561.2710398925,0.01729286967847299,0.850425319748084,0.19705419194907853
155,0.10407269,9649.07916077,0.964907916,0.03296210992615,,,-0.01134331,945.7204582699997,1.19943582702422e-05,1004.2056242842764,-1.1994358269679697e-05,0.9999999998561352,0.9999880057136624,1004.2056241398068,-0.01134331000000001,945.7204582699997,945.7204583380276,-948693.5975029833,0.004568532525351582,0.9559611238877269,0.0
156,0.10051679,9989.42388491,0.998942388,0.0328578475580273,,,-0.0035559,340.34472414000084,1.0447936306269384e-05,1004.1048228604826,-1.044793630591992e-05,0.9999999998908408,0.9999895521182736,1004.1048227508752,-0.0035559000000000007,340.34472414000084,340.34472415857675,-340737.67410269234,0.0005797082330784814,0.9939412202605024,0.6401901023227492
157,0.1,10040.28728561,1.00402873,0.0327952035882488,,,-0.0005167899999999,50.86340070000006,1.0160350917901333e-05,1004.028728561,-1.0160350917751464e-05,0.9999999998967672,0.9999898397006984,1004.0287284573512,-0.0005167899999999892,50.86340070000006,50.86340070262544,-50064.28680401642,0.0,0.9996172208664011,0.9462751627601261
158,0.1,10040.3734184,1.00403734,0.0327407763810496,,,0.0,0.0861327900001924,0.0,1004.03734184,0.0,1.0,1.0,1004.03734184,0.0,0.08613279000019247,0.08613279000019247,917.5568043229438,0.0,0.9996268326847519,0.9999600935585314
159,0.1,10039.94565573,1.00399457,0.0326973204277888,,,0.0,-0.4277626700004475,0.0,1003.994565573,3.141592653589793,1.0,0.0432139182637722,1003.994565573,0.0,-0.42776267000044754,0.42776267000044754,574.5231695375542,0.0,0.9995790973556019,0.9995988720796368
160,0.1,10039.37449491,1.00393745,0.0326222242547984,,,0.0,-0.5711608199999318,0.0,1003.937449491,3.141592653589793,1.0,0.0432139182637722,1003.937449491,0.0,-0.5711608199999318,0.5711608199999318,430.5277126110803,0.0,0.9995153597935087,0.9994472418992971
161,0.1,10038.86028358,1.00388603,0.0325999482613516,,,0.0,-0.5142113300007622,0.0,1003.886028358,3.141592653589793,1.0,0.0432139182637722,1003.886028358,0.0,-0.5142113300007622,0.5142113300007622,487.67645854684986,0.0,0.9994579773971201,0.9995074207051942
162,0.1,10039.77979395,1.00397798,0.032573114972477,,,0.0,0.9195103700003529,0.0,1003.977979395,0.0,1.0,1.0,1003.977979395,0.0,0.9195103700003529,0.9195103700003529,80.80981608929692,0.0,0.9995605883382963,0.9990789817551963
163,0.1,10038.81557862,1.00388156,0.0325023020199179,,,0.0,-0.964215329999206,0.0,1003.881557862,3.141592653589793,1.0,0.0432139182637722,1003.881557862,0.0,-0.964215329999206,0.964215329999206,35.923570267974654,0.0,0.9994529886355243,0.9990317156143476
164,0.1,10037.6469638,1.0037647,0.0325042790098762,,,0.0,-1.1686148200005846,0.0,1003.76469638,3.141592653589793,1.0,0.0432139182637722,1003.76469638,0.0,-1.1686148200005846,1.1686148200005846,-169.24960360305514,0.0,0.9993225793759172,0.9988156640387008
165,0.1,10037.27349345,1.00372735,0.0325942034048112,,,0.0,-0.3734703499994793,0.0,1003.727349345,3.141592653589793,1.0,0.0432139182637722,1003.727349345,0.0,-0.37347034999947937,0.37347034999947937,628.8649448810731,0.0,0.9992809026908409,0.9996560950877177
166,0.1,10038.19243571,1.00381924,0.0325645813371423,,,0.0,0.9189422599993122,0.0,1003.819243571,0.0,1.0,1.0,1003.819243571,0.0,0.9189422599993122,0.9189422599993122,81.36731925306519,0.0,0.9993834502349053,0.999079568817504
167,0.1,10039.12842057,1.00391284,0.0325716302783724,,,0.0,0.9359848599997348,0.0,1003.912842057,0.0,1.0,1.0,1003.912842057,0.0,0.9359848599997349,0.9359848599997349,64.26562113234287,0.0,0.9994878996142105,0.9990615603773386
168,0.1,10040.29888681,1.00402989,0.0325967061364103,,,0.0,1.1704662400006782,0.0,1004.029888681,0.0,1.0,1.0,1004.029888681,0.0,1.1704662400006782,1.1704662400006782,-171.1531999717496,0.0,0.9996185154793709,0.9988136595125384
169,0.1,10041.24719993,1.00412472,0.0326510991608385,,,0.0,0.9483131199995114,0.0,1004.124719993,0.0,1.0,1.0,1004.124719993,0.0,0.9483131199995114,0.9483131199995114,51.90007390780241,0.0,0.9997243406064685,0.9990485392015621
170,0.1,10041.90493364,1.00419049,0.0326421714924842,,,0.0,0.6577337100006844,0.0,1004.190493364,0.0,1.0,1.0,1004.190493364,0.0,0.6577337100006844,0.6577337100006844,343.7005546162786,0.0,0.9997977390990016,0.9993558111145616
171,0.1,10040.8658491,1.00408658,0.0326872108798107,,,0.0,-1.0390845399997488,0.0,1004.08658491,3.141592653589793,1.0,0.0432139182637722,1004.08658491,0.0,-1.0390845399997488,1.0390845399997488,-39.24426229112608,0.0,0.9996817845148124,0.9989525623393071
172,0.1,10040.77325531,1.00407733,0.0326664503771556,,,0.0,-0.0925937900010467,0.0,1004.077325531,3.141592653589793,1.0,0.0432139182637722,1004.077325531,0.0,-0.09259379000104673,0.09259379000104673,911.10600050597,0.0,0.9996714516939448,0.9999533007293201
173,0.1,10042.26060863,1.00422606,0.0326531605928374,,,0.0,1.4873533200006932,0.0,1004.226060863,0.0,1.0,1.0,1004.226060863,0.0,1.4873533200006932,1.4873533200006932,-489.41290479280127,0.0,0.9998374299460735,0.9984785254918761
174,0.1,10042.74097979,1.0042741,0.0327515184871354,,,0.0,0.4803711599997768,0.0,1004.274097979,0.0,1.0,1.0,1004.274097979,0.0,0.48037115999977686,0.48037115999977686,521.8497845750982,0.0,0.9998910360156185,0.9995434059209715
175,0.1,10041.69541651,1.00416954,0.0328499019983006,,,0.0,-1.0455632800003514,0.0,1004.169541651,3.141592653589793,1.0,0.0432139182637722,1004.169541651,0.0,-1.0455632800003514,1.0455632800003514,-45.75325799406901,0.0,0.9997743584492522,0.9989457082328419
176,0.1,10043.03303302,1.0043033,0.0328663680005564,,,0.0,1.3376165099998616,0.0,1004.303303302,0.0,1.0,1.0,1004.303303302,0.0,1.3376165099998616,1.3376165099998616,-339.06937624215374,0.0,0.9999236271182113,0.9986368403223134
177,0.1,10041.6640113,1.0041664,0.0327626505298808,,,0.0,-1.3690217200000916,0.0,1004.16640113,3.141592653589793,1.0,0.0432139182637722,1004.16640113,0.0,-1.3690217200000916,1.3690217200000916,-370.55921251129456,0.0,0.999770853846954,0.9986036808764928
178,0.1,10041.44656944,1.00414466,0.0328349328377515,,,0.0,-0.2174418599988712,0.0,1004.144656944,3.141592653589793,1.0,0.0432139182637722,1004.144656944,0.0,-0.21744185999887122,0.21744185999887122,785.8015750301681,0.0,0.9997465888526336,0.9998213525898594
179,0.1,10042.41620876,1.00424162,0.0329120428881515,,,0.0,0.96963931999926,0.0,1004.241620876,0.0,1.0,1.0,1004.241620876,0.0,0.9696393199992599,0.9696393199992599,30.489458494840797,0.0,0.9998547938348423,0.9990259933827873
180,0.1,10043.42133806,1.00434213,0.032999247079885,,,0.0,1.0051292999996804,0.0,1004.342133806,0.0,1.0,1.0,1004.342133806,0.0,1.0051292999996804,1.0051292999996804,-5.151572106610098,0.0,0.9999669592511787,0.9989884626438811
181,0.1,10043.19222955,1.00431922,0.032901096495329,,,0.0,-0.2291085099986958,0.0,1004.319222955,3.141592653589793,1.0,0.0432139182637722,1004.319222955,0.0,-0.2291085099986958,0.2291085099986958,774.221142220732,0.0,0.9999413923401254,0.9998091581557238
182,0.1,10041.75324007,1.00417532,0.0328082884369091,,,0.0,-1.4389894800006005,0.0,1004.175324007,3.141592653589793,1.0,0.0432139182637722,1004.175324007,0.0,-1.4389894800006005,1.4389894800006005,-440.82240331526737,0.0,0.9997808111550698,0.9985296922901842
183,0.1,10043.03903805,1.0043039,0.0327947001459648,,,0.0,1.285797979999188,0.0,1004.303903805,0.0,1.0,1.0,1004.303903805,0.0,1.285797979999188,1.285797979999188,-287.02802701276795,0.0,0.9999242972376576,0.998691640934341
184,0.1,10043.71742063,1.00437174,0.0327483891106235,,,0.0,0.6783825800011982,0.0,1004.371742063,0.0,1.0,1.0,1004.371742063,0.0,0.6783825800011982,0.6783825800011982,323.0234484020041,0.0,1.0,0.9993340376960727
185,0.1,10043.10067707,1.00431007,0.0327787405288756,,,0.0,-0.6167435600000317,0.0,1004.310067707,3.141592653589793,1.0,0.0432139182637722,1004.310067707,0.0,-0.6167435600000317,0.6167435600000317,384.9083012055119,0.0,0.9999311757221879,0.9993992037199957
186,0.1,10041.85278839,1.00418528,0.0326711678658845,,,0.0,-1.24788867999996,0.0,1004.185278839,3.141592653589793,1.0,0.0432139182637722,1004.185278839,0.0,-1.24788867999996,1.24788867999996,-248.92616324679148,0.0,0.9997919200529582,0.9987317629812266
187,0.1,10040.89966183,1.00408997,0.0327577807005911,,,0.0,-0.9531265599998732,0.0,1004.089966183,3.141592653589793,1.0,0.0432139182637722,1004.089966183,0.0,-0.9531265599998733,0.9531265599998733,47.06515078460812,0.0,0.9996855577795435,0.9990434479279847
188,0.1,10042.37868599,1.00423787,0.0327299703421529,,,0.0,1.4790241599985166,0.0,1004.237868599,0.0,1.0,1.0,1004.237868599,0.0,1.4790241599985166,1.4790241599985166,-481.0542014443366,0.0,0.9998506065555348,0.9984873273785688
189,0.1,10041.67359737,1.00416736,0.0327108251226723,,,0.0,-0.7050886199995148,0.0,1004.167359737,3.141592653589793,1.0,0.0432139182637722,1004.167359737,0.0,-0.7050886199995148,0.7050886199995148,296.14038181148237,0.0,0.9997719235854767,0.9993057292735557
190,0.1,10042.08668353,1.00420867,0.0326376908289443,,,0.0,0.4130861600006028,0.0,1004.208668353,0.0,1.0,1.0,1004.208668353,0.0,0.41308616000060283,0.41308616000060283,589.3839657037404,0.0,0.9998180211185198,0.9996145208039144
191,0.1,10041.21671409,1.00412167,0.032637650445692,,,0.0,-0.8699694400002045,0.0,1004.121671409,3.141592653589793,1.0,0.0432139182637722,1004.121671409,0.0,-0.8699694400002045,0.8699694400002045,130.56650324124294,0.0,0.9997209385994472,0.9991313765710257
192,0.1,10040.34669635,1.00403467,0.03257905435162,,,0.0,-0.8700177400005487,0.0,1004.034669635,3.141592653589793,1.0,0.0432139182637722,1004.034669635,0.0,-0.8700177400005487,0.8700177400005487,130.5066954769598,0.0,0.9996238506904317,0.9991313135922189
193,0.1,10041.41325698,1.00414133,0.0324953010360555,,,0.0,1.066560630000822,0.0,1004.141325698,0.0,1.0,1.0,1004.141325698,0.0,1.0665606300008221,1.0665606300008221,-66.8362792483196,0.0,0.9997428714145437,0.9989235073774599
194,0.1,10040.91048445,1.00409105,0.0324457599035521,,,0.0,-0.5027725300005841,0.0,1004.091048445,3.141592653589793,1.0,0.0432139182637722,1004.091048445,0.0,-0.5027725300005841,0.5027725300005841,499.2616516673683,0.0,0.9996867655084178,0.9995196201520352
195,0.1,10040.10070527,1.00401007,0.0324590445528035,,,0.0,-0.8097791799991683,0.0,1004.0100705270002,3.141592653589793,1.0,0.0432139182637722,1004.0100705270002,0.0,-0.8097791799991683,0.8097791799991683,190.98361890473888,0.0,0.9995963998023686,0.9991949970375266
196,0.1,10041.31569546,1.00413157,0.0324194785795188,,,0.0,1.2149901899992983,0.0,1004.131569546,0.0,1.0,1.0,1004.131569546,0.0,1.2149901899992983,1.2149901899992983,-215.87843692098818,0.0,0.9997319842296717,0.9987665629173464
197,0.1,10041.26722269,1.00412672,0.0323416774728247,,,0.0,-0.0484727700004441,0.0,1004.126722269,3.141592653589793,1.0,0.0432139182637722,1004.126722269,0.0,-0.04847277000044414,0.04847277000044414,955.4539186091549,0.0,0.9997265750067706,1.0
198,0.1,10042.50389341,1.00425039,0.0323496555183104,,,0.0,1.2366707199998928,0.0,1004.250389341,0.0,1.0,1.0,1004.250389341,0.0,1.2366707199998928,1.2366707199998928,-237.67666270550708,0.0,0.9998645788299405,0.9987436089368714
199,0.1,10041.91976831,1.00419198,0.0323848511027885,,,0.0,-0.5841251000001648,0.0,1004.191976831,3.141592653589793,1.0,0.0432139182637722,1004.191976831,0.0,-0.5841251000001648,0.5841251000001648,417.61823794522894,0.0,0.9997993945446608,0.999433647956728
200,0.1,10042.17414221,1.00421741,0.0323419916076958,,,0.0,0.2543739000011555,0.0,1004.217414221,0.0,1.0,1.0,1004.217414221,0.0,0.25437390000115556,0.25437390000115556,748.7707141165283,0.0,0.9998277808969428,0.9997823583310242
201,,,,,,,,,,,,,,,,,,,,,
202,,,,,,,,,,,,,,,,,,,,,
203,,,,,,,,,,,,,,,,,,,,,
204,,,,,,,,,,,,,,,,,,,,,
205,,,,,,,,,,,,,,,,,,,,,
206,,,,,,,,,,,,,,,,,,,,,
207,,,,,,,,,,,,,,,,,,,,,
208,,,,,,,,,,,,,,,,,,,,,
209,,,,,,,,,,,,,,,,,,,,,
210,,,,,,,,,,,,,,,,,,,,,
